title,media_type,collection
Brainiac: Science Abuse,TV Series,
Horrible Histories,TV Series,Horrible Histories
Operation Ouch!,TV Series,
Freaks and Geeks,TV Series,
Danger Mouse,TV Series,
OOglies,TV Series,
The Cramp Twins,TV Series,
Robotboy,TV Series,
Kid vs. Kat,TV Series,
Johnny Test,TV Series,
¡Mucha Lucha!,TV Series,
Wallace & Gromit's Cracking Contraptions,TV Series,Aardman Animations
Wallace and Gromit's World of Invention,TV Series,Aardman Animations
Shaun the Sheep,TV Series,Aardman Animations
Timmy Time,TV Series,Aardman Animations
Bluey,TV Series,
Little Einsteins,TV Series,
Sesame Street,TV Series,Jim Henson
Arthur,TV Series,
Bill Nye the Science Guy,TV Series,
Pingu,TV Series,
Charlie and Lola,TV Series,
SpongeBob SquarePants,TV Series,
Dora the Explorer,TV Series,
Blue's Clues,TV Series,
Backyard Science,TV Series,
Art Attack,TV Series,
Phineas and Ferb,TV Series,Disney
Power Rangers,TV Series,
The Story of Tracy Beaker,TV Series,Jacqueline Wilson
Tracy Beaker Returns,TV Series,Jacqueline Wilson
The Dumping Ground,TV Series,Jacqueline Wilson
The Sarah Jane Adventures,TV Series,Doctor Who
Dani's House,TV Series,
Drake & Josh,TV Series,Dan Schneider
iCarly,TV Series,Dan Schneider
Victorious,TV Series,Dan Schneider
That's So Raven,TV Series,Disney
Raven's Home,TV Series,Disney
The Suite Life of Zack & Cody,TV Series,Disney
The Suite Life on Deck,TV Series,Disney
Wizards of Waverly Place,TV Series,Disney
Good Luck Charlie,TV Series,Disney
4 O'Clock Club,TV Series,
"Scooby-Doo, Where Are You!",TV Series,Hanna-Barbera
The New Scooby-Doo Movies,TV Series,Hanna-Barbera
"What's New, Scooby-Doo?",TV Series,Hanna-Barbera
Scooby-Doo! Mystery Incorporated,TV Series,Hanna-Barbera
Come Outside,TV Series,
Recess,TV Series,Disney
The New Adventures of Winnie the Pooh,TV Series,A. A. Milne
Little Bill,TV Series,
Nina and the Neurons,TV Series,
The Magic School Bus,TV Series,
Mister Rogers' Neighborhood,TV Series,
Numberjacks,TV Series,
Octonauts,TV Series,
Something Special,TV Series,
The Joy of Painting,TV Series,
I Can Cook,TV Series,
"Big Cook, Little Cook",TV Series,
Balamory,TV Series,
Show Me Show Me,TV Series,
The World of Peter Rabbit and Friends,TV Series,Beatrix Potter
Gravity Falls,TV Series,Disney
We Bare Bears,TV Series,
Adventure Time,TV Series,
Looney Tunes Golden Collection,TV Series,
The Jetsons,TV Series,Hanna-Barbera
Teenage Mutant Ninja Turtles,TV Series,
Me Too!,TV Series,
Jungle Run,TV Series,
Grizzly Tales for Gruesome Kids,TV Series,
Horrid Henry,TV Series,Francesca Simon
Spider-Man,TV Series,Marvel
Batman: The Animated Series,TV Series,Batman
The New Batman Adventures,TV Series,Batman
Batman Beyond,TV Series,Batman
Brum,TV Series,
Total Drama Island,TV Series,
Johnny Bravo,TV Series,
Tinga Tinga Tales,TV Series,
Rugrats,TV Series,
DuckTales,TV Series,Disney
Kick Buttowski: Suburban Daredevil,TV Series,
The Loud House,TV Series,
Courage the Cowardly Dog,TV Series,
The Backyardigans,TV Series,
Avatar: The Last Airbender,TV Series,Avatar: The Last Airbender
The Legend of Korra,TV Series,Avatar: The Last Airbender
Madeline,TV Series,
Crayon Shin-chan,TV Series,
Doraemon,TV Series,
Sailor Moon,TV Series,
Dexter's Laboratory,TV Series,
The Powerpuff Girls,TV Series,
Samurai Jack,TV Series,
The Smurfs,TV Series,
Felix the Cat,TV Series,
The Pink Panther Show,TV Series,
Popeye the Sailor,TV Series,
The Flintstones,TV Series,Hanna-Barbera
The Muppet Show,TV Series,Jim Henson
Thomas & Friends,TV Series,
Postman Pat,TV Series,
LazyTown,TV Series,
Mickey Mouse,TV Series,Disney
The Wonderful World of Mickey Mouse,TV Series,Disney
Bernard's Watch,TV Series,
Trapped!,TV Series,
Mr. Men,TV Series,Roger Hargreaves
Little Miss,TV Series,Roger Hargreaves
Mr. Men and Little Miss,TV Series,Roger Hargreaves
The Mr. Men Show,TV Series,Roger Hargreaves
Squid Game,TV Series,
Guardian: The Lonely and Great God,TV Series,
Sky Castle,TV Series,
Crash Landing on You,TV Series,
Road Wars,TV Series,
MythBusters,TV Series,
How It's Made,TV Series,
How Stuff Works,TV Series,
Snackmasters,TV Series,
Last Week Tonight with John Oliver,TV Series,
Can't Get You Out of My Head,TV Series,Adam Curtis
Russia 1985-1999: TraumaZone,TV Series,Adam Curtis
Patriot Act with Hasan Minhaj,TV Series,Hasan Minhaj
Louis Theroux's Weird Weekends,TV Series,Louis Theroux
Louis Theroux's BBC Two specials,TV Series,Louis Theroux
Life on Earth,TV Series,David Attenborough
Planet Earth,TV Series,David Attenborough
Our Planet,TV Series,David Attenborough
The Blue Planet,TV Series,David Attenborough
Frozen Planet,TV Series,David Attenborough
Human Planet,TV Series,David Attenborough
Cosmos: Possible Worlds,TV Series,Cosmos
Cosmos: A Spacetime Odyssey,TV Series,Cosmos
Cosmos: A Personal Voyage,TV Series,Cosmos
Ways of Seeing,TV Series,John Berger
It's Always Sunny in Philadelphia,TV Series,
The Office,TV Series,
Late Night with Conan O'Brien,TV Series,Conan O'Brien
The Tonight Show with Conan O'Brien,TV Series,Conan O'Brien
Conan,TV Series,Conan O'Brien
Seinfeld,TV Series,Larry David
King of the Hill,TV Series,
Beavis and Butt-Head,TV Series,
Friends,TV Series,
The Big Bang Theory,TV Series,
The Fresh Prince of Bel-Air,TV Series,
Mr. Bean,TV Series,
The Inbetweeners,TV Series,
Peep Show,TV Series,
Impractical Jokers,TV Series,
The Eric Andre Show,TV Series,
2 Broke Girls,TV Series,
Saturday Night Live,TV Series,
Fonejacker,TV Series,
The Simpsons,TV Series,Matt Groening
Curb Your Enthusiasm,TV Series,Larry David
Da Ali G Show,TV Series,Sacha Baron Cohen
The Ricky Gervais Show,TV Series,Ricky Gervais
Tom and Jerry Shorts,TV Series,Hanna-Barbera
Community,TV Series,
Mind Your Language,TV Series,
Little Britain,TV Series,
Rick and Morty,TV Series,
Chappelle's Show,TV Series,Dave Chappelle
Blackadder,TV Series,
Fawlty Towers,TV Series,
Only Fools and Horses,TV Series,
Monty Python's Flying Circus,TV Series,Monty Python
Goodness Gracious Me,TV Series,
The Three Stooges Shorts,TV Series,
Fresh Off the Boat,TV Series,
Black-ish,TV Series,
Takeshi's Castle,TV Series,
Modern Family,TV Series,
The Goldbergs,TV Series,
Code Geass: Lelouch of the Rebellion,TV Series,
Monster,TV Series,
Dragon Ball,TV Series,Akira Toriyama
Dragon Ball Z Kai,TV Series,Akira Toriyama
Dragon Ball GT,TV Series,Akira Toriyama
Dragon Ball Super,TV Series,Akira Toriyama
Yu-Gi-Oh!,TV Series,Yu-Gi-Oh!
Yu-Gi-Oh!,TV Series,Yu-Gi-Oh!
Yu-Gi-Oh! GX,TV Series,Yu-Gi-Oh!
Yu-Gi-Oh! 5D's,TV Series,Yu-Gi-Oh!
Pokémon,TV Series,Pokémon
The Promised Neverland,TV Series,
Death Note,TV Series,
Fullmetal Alchemist: Brotherhood,TV Series,
One Piece,TV Series,Eiichiro Oda
Naruto,TV Series,
Cowboy Bebop,TV Series,
Attack on Titan,TV Series,
Neon Genesis Evangelion,TV Series,
Fargo,TV Series,
Twin Peaks,TV Series,
Game of Thrones,TV Series,George R. R. Martin
House of the Dragon,TV Series,George R. R. Martin
Peaky Blinders,TV Series,
The Boys,TV Series,
Vikings,TV Series,
The Last of Us,TV Series,The Last of Us
Never Have I Ever,TV Series,
Stranger Things,TV Series,
Money Heist,TV Series,
Chernobyl,TV Series,
Breaking Bad,TV Series,Vince Gilligan
Better Call Saul,TV Series,Vince Gilligan
4 Blocks,TV Series,
Doctor Who,TV Series,Doctor Who
WWE,TV Series,WWE
House,TV Series,
WandaVision,TV Series,Marvel
The Falcon and the Winter Soldier,TV Series,Marvel
Loki,TV Series,Marvel
What If...?,TV Series,Marvel
Hawkeye,TV Series,Marvel
Moon Knight,TV Series,Marvel
Ms. Marvel,TV Series,Marvel
The Great British Bake Off,TV Series,
MasterChef,TV Series,
Trade Your Way to the USA,TV Series,
Dragons' Den,TV Series,
Dark,TV Series,
Black Mirror,TV Series,
Band of Brothers,TV Series,
Atlanta,TV Series,Donald Glover
The Sopranos,TV Series,
The Wire,TV Series,
True Detective,TV Series,
The Crown,TV Series,
Narcos,TV Series,
Sherlock,TV Series,Arthur Conan Doyle
Mahabharat,TV Series,B. R. Chopra
The Twilight Zone,TV Series,
Endless,Music,Frank Ocean
Blonde,Music,Frank Ocean
Channel Orange,Music,Frank Ocean
"Nostalgia, Ultra",Music,Frank Ocean
Dawn FM,Music,The Weeknd
After Hours,Music,The Weeknd
Starboy,Music,The Weeknd
Beauty Behind the Madness,Music,The Weeknd
Kiss Land,Music,The Weeknd
Echoes of Silence,Music,The Weeknd
Thursday,Music,The Weeknd
House of Balloons,Music,The Weeknd
King of the Fall,Music,The Weeknd
New Blue Sun,Music,André 3000
Days Before Rodeo,Music,Travis Scott
Rodeo,Music,Travis Scott
Birds in the Trap Sing McKnight,Music,Travis Scott
Astroworld,Music,Travis Scott
Utopia,Music,Travis Scott
JACKBOYS,Music,"JACKBOYS, Travis Scott"
Highest in the Room,Music,Travis Scott
The Scotts,Music,"The Scotts, Travis Scott, Kid Cudi"
Franchise,Music,Travis Scott
Escape Plan,Music,Travis Scott
Mafia,Music,Travis Scott
The College Dropout,Music,Kanye West
Late Registration,Music,Kanye West
Graduation,Music,Kanye West
808s & Heartbreak,Music,Kanye West
My Beautiful Dark Twisted Fantasy,Music,Kanye West
Yeezus,Music,Kanye West
The Life of Pablo,Music,Kanye West
Ye,Music,Kanye West
Kids See Ghosts,Music,"Kids See Ghosts, Kanye West, Kid Cudi"
Jesus Is King,Music,Kanye West
Donda,Music,Kanye West
Donda 2,Music,Kanye West
Vultures 1,Music,"¥$, Kanye West, Ty Dolla $ign"
Only One,Music,Kanye West
FourFiveSeconds,Music,"Rihanna, Kanye West, Paul McCartney"
All Day,Music,Kanye West
Lift Yourself,Music,Kanye West
XTCY,Music,Kanye West
Wash Us in the Blood,Music,Kanye West
Playboi Carti,Music,Playboi Carti
Die Lit,Music,Playboi Carti
Whole Lotta Red,Music,Playboi Carti
Call Me If You Get Lost,Music,"Tyler, the Creator"
Igor,Music,"Tyler, the Creator"
Flower Boy,Music,"Tyler, the Creator"
Cherry Bomb,Music,"Tyler, the Creator"
Wolf,Music,"Tyler, the Creator"
Goblin,Music,"Tyler, the Creator"
Die For My Bitch,Music,Baby Keem
The Melodic Blue,Music,Baby Keem
Section.80,Music,Kendrick Lamar
"Good Kid, M.A.A.D City",Music,Kendrick Lamar
To Pimp a Butterfly,Music,Kendrick Lamar
Damn,Music,Kendrick Lamar
Mr. Morale & the Big Steppers,Music,Kendrick Lamar
The Hillbillies,Music,"Baby Keem, Kendrick Lamar"
Ignorance Is Bliss,Music,Skepta
Konnichiwa,Music,Skepta
All In,Music,Skepta
Insomnia,Music,"Skepta, Chip, Young Adz"
Grime MC,Music,Jme
Integrity>,Music,Jme
Scaring the Hoes,Music,"JPEGMafia, Danny Brown"
Lord Willin',Music,"Clipse, Pusha T, No Malice"
My Name Is My Name,Music,Pusha T
King Push - Darkest Before Dawn: The Prelude,Music,Pusha T
Daytona,Music,Pusha T
It's Almost Dry,Music,Pusha T
Heaven or Hell,Music,Don Toliver
Life of a Don,Music,Don Toliver
Love Sick,Music,Don Toliver
Without Warning,Music,"21 Savage, Offset, Metro Boomin"
Savage Mode,Music,"21 Savage, Metro Boomin"
Savage Mode II,Music,"21 Savage, Metro Boomin"
Her Loss,Music,"Drake, 21 Savage"
Heroes & Villains,Music,Metro Boomin
Not All Heroes Wear Capes,Music,Metro Boomin
Culture,Music,Migos
Kiwanuka,Music,Michael Kiwanuka
SuperM,Music,SuperM
Super One,Music,SuperM
Obsession,Music,EXO
Don't Mess Up My Tempo,Music,EXO
The War,Music,EXO
Ex'Act,Music,EXO
Exodus,Music,EXO
Feel Special,Music,TWICE
Fancy You,Music,TWICE
It'z Different,Music,ITZY
It'z Icy,Music,ITZY
Not Shy,Music,ITZY
Map of the Soul: Persona,Music,BTS
Map of the Soul: 7,Music,BTS
Proof,Music,BTS
Testing,Music,A$AP Rocky
Live. Love. ASAP,Music,A$AP Rocky
DS2,Music,Future
The Land Is Inhospitable and So Are We,Music,Mitski
The Last of Us,Game,The Last of Us
The Last of Us Part II,Game,The Last of Us
Baldur's Gate 3,Game,
Payday 2,Game,
God of War,Game,God of War
God of War: Chains of Olympus,Game,God of War
God of War II,Game,God of War
God of War: Ghost of Sparta,Game,God of War
God of War III,Game,God of War
God of War: Ascension,Game,God of War
God of War,Game,God of War
God of War Ragnarök,Game,God of War
Doom,Game,Doom
Doom II,Game,Doom
Doom 3: BFG Edition,Game,Doom
Doom,Game,Doom
Doom Eternal,Game,Doom
Tomb Raider,Game,Tomb Raider
Rise of the Tomb Raider,Game,Tomb Raider
Shadow of the Tomb Raider,Game,Tomb Raider
Undertale,Game,
Mother,Game,Mother
EarthBound,Game,Mother
Mother 3,Game,Mother
The Forest,Game,The Forest
Sons of the Forest,Game,The Forest
Portal,Game,Half-Life
Portal 2,Game,Half-Life
Half-Life,Game,Half-Life
Half-Life 2,Game,Half-Life
Half-Life 2: Episode One,Game,Half-Life
Half-Life 2: Episode Two,Game,Half-Life
Outer Wilds,Game,
Spec Ops: The Line,Game,
Kingdom Come: Deliverance,Game,
Metro 2033,Game,Metro
Metro: Last Light,Game,Metro
Metro Exodus,Game,Metro
Mafia: Definitive Edition,Game,
The Elder Scrolls IV: Oblivion,Game,The Elder Scrolls
The Elder Scrolls V: Skyrim,Game,The Elder Scrolls
Nier: Automata,Game,
Mass Effect,Game,Mass Effect
Mass Effect 2,Game,Mass Effect
Mass Effect 3,Game,Mass Effect
Dragon Ball FighterZ,Game,Akira Toriyama
Mortal Kombat,Game,
Street Fighter III: 3rd Strike,Game,
WWE SmackDown! Here Comes the Pain,Game,WWE
WWE SmackDown! vs. Raw 2006,Game,WWE
WWE '13,Game,WWE
WWE 2K14,Game,WWE
WWE 2K19,Game,WWE
Dead Space,Game,Dead Space
Dead Space 2,Game,Dead Space
Limbo,Game,
Monument Valley,Game,Monument Valley
Monument Valley 2,Game,Monument Valley
Uncharted: Drake's Fortune,Game,Uncharted
Uncharted 2: Among Thieves,Game,Uncharted
Uncharted 3: Drake's Deception,Game,Uncharted
Uncharted 4: A Thief's End,Game,Uncharted
Marvel's Spider-Man,Game,Marvel
Marvel's Spider-Man: Miles Morales,Game,Marvel
Marvel's Spider-Man 2,Game,Marvel
Dishonored,Game,Dishonored
Dishonored 2,Game,Dishonored
Dishonored: Death of the Outsider,Game,Dishonored
BioShock,Game,BioShock
BioShock 2,Game,BioShock
BioShock Infinite,Game,BioShock
Resident Evil 2,Game,Resident Evil
Resident Evil 4,Game,Resident Evil
Resident Evil 7: Biohazard,Game,Resident Evil
Resident Evil Village,Game,Resident Evil
Elden Ring,Game,FromSoftware
Ghost of Tsushima,Game,
Yakuza 0,Game,Yakuza
Yakuza Kiwami,Game,Yakuza
Yakuza Kiwami 2,Game,Yakuza
Yakuza 3,Game,Yakuza
Yakuza 4,Game,Yakuza
Yakuza 5,Game,Yakuza
Yakuza 6: The Song of Life,Game,Yakuza
Judgment,Game,Yakuza
Yakuza: Like a Dragon,Game,Yakuza
Like a Dragon Gaiden: The Man Who Erased His Name,Game,Yakuza
Lost Judgment,Game,Yakuza
Like a Dragon: Infinite Wealth,Game,Yakuza
It Takes Two,Game,
Max Payne,Game,Max Payne
Max Payne 2: The Fall of Max Payne,Game,Max Payne
Max Payne 3,Game,Max Payne
Final Fantasy,Game,Final Fantasy
Final Fantasy II,Game,Final Fantasy
Final Fantasy III,Game,Final Fantasy
Final Fantasy IV,Game,Final Fantasy
Final Fantasy V,Game,Final Fantasy
Final Fantasy VI,Game,Final Fantasy
Final Fantasy VII Remake,Game,Final Fantasy
Life Is Strange,Game,Life Is Strange
Life Is Strange: Before the Storm,Game,Life Is Strange
Life Is Strange 2,Game,Life Is Strange
Batman: The Telltale Series,Game,Batman
Batman: The Enemy Within,Game,Batman
Hitman,Game,Hitman
Hitman 2,Game,Hitman
Hitman 3,Game,Hitman
Angry Birds,Game,
Hill Climb Racing,Game,
Fruit Ninja,Game,
Jetpack Joyride,Game,
Subway Surfers,Game,
Candy Crush Saga,Game,
Doodle Jump,Game,
Fallout 2,Game,Fallout
Fallout 3,Game,Fallout
Fallout: New Vegas,Game,Fallout
Fallout 4,Game,Fallout
Fallout 76,Game,Fallout
Worms W.M.D,Game,
Kirby Super Star Ultra,Game,
Phoenix Wright: Ace Attorney,Game,Ace Attorney
Phoenix Wright: Ace Attorney - Justice for All,Game,Ace Attorney
Phoenix Wright: Ace Attorney - Trials and Tribulations,Game,Ace Attorney
Apollo Justice: Ace Attorney,Game,Ace Attorney
Phoenix Wright: Ace Attorney - Dual Destinies,Game,Ace Attorney
Phoenix Wright: Ace Attorney - Spirit of Justice,Game,Ace Attorney
Pikmin,Game,Pikmin
Pikmin 2,Game,Pikmin
Pikmin 3,Game,Pikmin
Pikmin 4,Game,Pikmin
MySims,Game,The Sims
MySims Agents,Game,The Sims
MySims Kingdom,Game,The Sims
Animal Crossing: New Leaf,Game,Animal Crossing
Animal Crossing: New Horizons,Game,Animal Crossing
Pokémon FireRed Pokémon LeafGreen,Game,Pokémon
Pokémon Emerald,Game,Pokémon
Pokémon Platinum,Game,Pokémon
Pokémon HeartGold Pokémon SoulSilver,Game,Pokémon
Pokémon Black Pokémon White,Game,Pokémon
Pokémon Black 2 Pokémon White 2,Game,Pokémon
Pokémon Mystery Dungeon: Blue Rescue Team,Game,Pokémon
Pokémon Mystery Dungeon: Explorers of Sky,Game,Pokémon
Pokémon Mystery Dungeon: Rescue Team DX,Game,Pokémon
Pokémon Ranger,Game,Pokémon
Pokémon Ranger: Shadows of Almia,Game,Pokémon
Pokémon Ranger: Guardian Signs,Game,Pokémon
Pokémon Conquest,Game,Pokémon
Professor Layton and the Curious Village,Game,Professor Layton
Professor Layton and the Diabolical Box,Game,Professor Layton
Professor Layton and the Unwound Future,Game,Professor Layton
Professor Layton and the Last Specter,Game,Professor Layton
Professor Layton and the Miracle Mask,Game,Professor Layton
Professor Layton and the Azran Legacy,Game,Professor Layton
Layton's Mystery Journey: Katrielle and the Millionaires' Conspiracy,Game,
Chrono Trigger,Game,
Super Mario Bros.,Game,Mario
Super Mario Bros. 3,Game,Mario
Super Mario World,Game,Mario
New Super Mario Bros.,Game,Mario
New Super Mario Bros. Wii,Game,Mario
New Super Mario Bros. 2,Game,Mario
New Super Mario Bros. U,Game,Mario
Super Mario Bros. Wonder,Game,Mario
Paper Mario,Game,Mario
Paper Mario: The Thousand-Year Door,Game,Mario
Super Paper Mario,Game,Mario
Paper Mario: Sticker Star,Game,Mario
Mario & Luigi: Paper Jam,Game,Mario
Paper Mario: Color Splash,Game,Mario
Paper Mario: The Origami King,Game,Mario
Mario & Luigi: Superstar Saga,Game,Mario
Mario & Luigi: Partners in Time,Game,Mario
Mario & Luigi: Bowser's Inside Story,Game,Mario
Mario & Luigi: Dream Team,Game,Mario
Mario Party DS,Game,Mario
Mario Party Superstars,Game,Mario
Mario Kart DS,Game,Mario
Mario Kart 8,Game,Mario
Super Mario RPG: Legend of the Seven Stars,Game,Mario
Super Mario 64 DS,Game,Mario
Super Mario Sunshine,Game,Mario
Super Mario Galaxy,Game,Mario
Super Mario Galaxy 2,Game,Mario
Super Mario 3D Land,Game,Mario
Super Mario 3D World,Game,Mario
Luigi's Mansion,Game,Mario
Luigi's Mansion: Dark Moon,Game,Mario
Luigi's Mansion 3,Game,Mario
Super Mario World 2: Yoshi's Island,Game,Mario
Yoshi's Story,Game,Mario
Yoshi's Island DS,Game,Mario
Yoshi's New Island,Game,Mario
Yoshi's Woolly World,Game,Mario
Yoshi's Crafted World,Game,Mario
Ghost Trick: Phantom Detective,Game,
Call of Duty 4: Modern Warfare,Game,Call of Duty
Call of Duty: World at War,Game,Call of Duty
Call of Duty: Modern Warfare 2,Game,Call of Duty
Call of Duty: Black Ops,Game,Call of Duty
Call of Duty: Modern Warfare 3,Game,Call of Duty
Call of Duty: Black Ops II,Game,Call of Duty
Call of Duty: Infinite Warfare,Game,Call of Duty
Call of Duty: Modern Warfare,Game,Call of Duty
Call of Duty: Modern Warfare II,Game,Call of Duty
Sonic Mania,Game,
Rayman Legends,Game,
LittleBigPlanet,Game,LittleBigPlanet
LittleBigPlanet 2,Game,LittleBigPlanet
LittleBigPlanet 3,Game,LittleBigPlanet
Cuphead,Game,
Overcooked,Game,Overcooked
Overcooked 2,Game,Overcooked
A Way Out,Game,
Among Us,Game,
Left 4 Dead 2,Game,
Batman: Arkham Origins,Game,Batman
Batman: Arkham Asylum,Game,Batman
Batman: Arkham City,Game,Batman
Batman: Arkham Knight,Game,Batman
Grand Theft Auto: Liberty City Stories,Game,Grand Theft Auto
Grand Theft Auto III,Game,Grand Theft Auto
Grand Theft Auto: Vice City Stories,Game,Grand Theft Auto
Grand Theft Auto: Vice City,Game,Grand Theft Auto
Grand Theft Auto: San Andreas,Game,Grand Theft Auto
Grand Theft Auto: Chinatown Wars,Game,Grand Theft Auto
Grand Theft Auto IV,Game,Grand Theft Auto
Grand Theft Auto V,Game,Grand Theft Auto
Red Dead Redemption,Game,Red Dead
Red Dead Redemption 2,Game,Red Dead
Alan Wake,Game,Alan Wake
Alan Wake 2,Game,Alan Wake
Metal Gear,Game,Metal Gear
Snake's Revenge,Game,Metal Gear
Metal Gear 2: Solid Snake,Game,Metal Gear
Metal Gear Solid,Game,Metal Gear
Metal Gear Solid 2: Sons of Liberty,Game,Metal Gear
Metal Gear Solid 3: Snake Eater,Game,Metal Gear
Metal Gear Solid 4: Guns of the Patriots,Game,Metal Gear
Metal Gear Solid: Peace Walker,Game,Metal Gear
Metal Gear Solid V: Ground Zeroes,Game,Metal Gear
Metal Gear Solid V: The Phantom Pain,Game,Metal Gear
The Legend of Zelda: A Link to the Past,Game,The Legend of Zelda
The Legend of Zelda: Four Swords Anniversary Edition,Game,The Legend of Zelda
The Legend of Zelda: Link's Awakening,Game,The Legend of Zelda
The Legend of Zelda: Ocarina of Time 3D,Game,The Legend of Zelda
The Legend of Zelda: Majora's Mask 3D,Game,The Legend of Zelda
The Legend of Zelda: Oracle of Seasons The Legend of Zelda: Oracle of Ages,Game,The Legend of Zelda
The Legend of Zelda: The Wind Waker,Game,The Legend of Zelda
The Legend of Zelda: The Minish Cap,Game,The Legend of Zelda
The Legend of Zelda: Twilight Princess,Game,The Legend of Zelda
The Legend of Zelda: A Link Between Worlds,Game,The Legend of Zelda
The Legend of Zelda: Breath of the Wild,Game,The Legend of Zelda
The Legend of Zelda: Tears of the Kingdom,Game,The Legend of Zelda
Assassin's Creed,Game,Assassin's Creed
Assassin's Creed II,Game,Assassin's Creed
Assassin's Creed Brotherhood,Game,Assassin's Creed
Assassin's Creed Revelations,Game,Assassin's Creed
Assassin's Creed III,Game,Assassin's Creed
Assassin's Creed IV: Black Flag,Game,Assassin's Creed
Assassin's Creed Rogue,Game,Assassin's Creed
Assassin's Creed Unity,Game,Assassin's Creed
Assassin's Creed Syndicate,Game,Assassin's Creed
Assassin's Creed Origins,Game,Assassin's Creed
Assassin's Creed Odyssey,Game,Assassin's Creed
Assassin's Creed Valhalla,Game,Assassin's Creed
Assassin's Creed Mirage,Game,Assassin's Creed
Watch Dogs,Game,Watch Dogs
Watch Dogs 2,Game,Watch Dogs
Watch Dogs: Legion,Game,Watch Dogs
Harry Potter and the Prisoner of Azkaban,Game,J. K. Rowling
Infinity Blade,Game,Infinity Blade
Infinity Blade II,Game,Infinity Blade
Infinity Blade III,Game,Infinity Blade
The Witcher 3: Wild Hunt,Game,
Bloodborne,Game,FromSoftware
Horizon Zero Dawn,Game,Horizon
Horizon Forbidden West,Game,Horizon
Cyberpunk 2077,Game,
The Simpsons: Hit & Run,Game,Matt Groening
Stardew Valley,Game,
Terraria,Game,
RollerCoaster Tycoon 2,Game,
Dead by Daylight,Game,
Super Metroid,Game,
Castlevania: Symphony of the Night,Game,
Minecraft,Game,
Disco Elysium,Game,
Shadow of the Colossus,Game,
Diablo II: Resurrected,Game,
Hollow Knight,Game,
Journey,Game,
Silent Hill 2,Game,
Return of the Obra Dinn,Game,
Inside,Game,
Persona 5,Game,
Dark Souls,Game,FromSoftware
Dark Souls II,Game,FromSoftware
Dark Souls III,Game,FromSoftware
Chicken Run,Film,Aardman Animations
Flushed Away,Film,Aardman Animations
Snow White and the Seven Dwarfs,Film,Disney
Pinocchio,Film,Disney
Dumbo,Film,Disney
Bambi,Film,Disney
Alice in Wonderland,Film,Disney
Peter Pan,Film,Disney
Return to Never Land,Film,Disney
Lady and the Tramp,Film,Disney
Sleeping Beauty,Film,Disney
One Hundred and One Dalmatians,Film,Disney
Mary Poppins,Film,Disney
The Jungle Book,Film,Disney
The Many Adventures of Winnie the Pooh,Film,A. A. Milne
Winnie the Pooh Discovers the Seasons,Film,A. A. Milne
Winnie the Pooh and a Day for Eeyore,Film,A. A. Milne
The Tigger Movie,Film,A. A. Milne
Piglet's Big Movie,Film,A. A. Milne
Pooh's Heffalump Movie,Film,A. A. Milne
Winnie the Pooh,Film,A. A. Milne
The Little Mermaid,Film,Disney
Beauty and the Beast,Film,Disney
Aladdin,Film,Disney
The Lion King,Film,Disney
Pocahontas,Film,Disney
A Goofy Movie,Film,Disney
Cool Runnings,Film,Disney
The Hunchback of Notre Dame,Film,Disney
One Hundred and One Dalmatians,Film,Disney
Tarzan,Film,Disney
Inspector Gadget,Film,Inspector Gadget
Inspector Gadget 2,Film,Inspector Gadget
Charlie and the Chocolate Factory,Film,Roald Dahl
Toy Story,Film,Disney
Toy Story 2,Film,Disney
Toy Story 3,Film,Disney
"Monsters, Inc.",Film,Disney
Finding Nemo,Film,Disney
The Incredibles,Film,Disney
Chicken Little,Film,Disney
"The Chronicles of Narnia: The Lion, the Witch and the Wardrobe",Film,
Cars,Film,Disney
Meet the Robinsons,Film,Disney
Ratatouille,Film,Disney
WALL-E,Film,Disney
Up,Film,Disney
Madagascar,Film,DreamWorks
Madagascar: Escape 2 Africa,Film,DreamWorks
Madagascar 3: Europe's Most Wanted,Film,DreamWorks
Shrek,Film,DreamWorks
Shrek 2,Film,DreamWorks
Shrek the Third,Film,DreamWorks
Kung Fu Panda,Film,DreamWorks
Kung Fu Panda 2,Film,DreamWorks
Kung Fu Panda 3,Film,DreamWorks
The Princess and the Frog,Film,Disney
Tangled,Film,Disney
Brave,Film,Disney
Wreck-It Ralph,Film,Disney
Frozen,Film,Disney
Big Hero 6,Film,Disney
The Good Dinosaur,Film,Disney
Moana,Film,Disney
Coco,Film,Disney
Raya and the Last Dragon,Film,Disney
Luca,Film,Disney
Encanto,Film,Disney
Leo,Film,
The Muppet Movie,Film,Jim Henson
The Great Muppet Caper,Film,Jim Henson
The Muppets Take Manhattan,Film,Jim Henson
The Muppet Christmas Carol,Film,"Jim Henson, Charles Dickens"
Muppet Treasure Island,Film,Jim Henson
The Muppets,Film,Jim Henson
Muppets Most Wanted,Film,
Diary of a Wimpy Kid,Film,Jeff Kinney
Diary of a Wimpy Kid: Rodrick Rules,Film,Jeff Kinney
Diary of a Wimpy Kid: Dog Days,Film,Jeff Kinney
Matilda,Film,Roald Dahl
Despicable Me,Film,Despicable Me
Minions,Film,Despicable Me
The BFG,Film,Roald Dahl
A Grand Day Out,Film,Aardman Animations
The Wrong Trousers,Film,Aardman Animations
Wallace and Gromit: A Close Shave,Film,Aardman Animations
Wallace & Gromit: The Curse of the Were-Rabbit,Film,Aardman Animations
A Matter of Loaf and Death,Film,Aardman Animations
Kirikou and the Sorceress,Film,
Neuilly Yo Mama!,Film,
Ramayana: The Legend of Prince Rama,Film,
Ace Ventura: Pet Detective,Film,
Writing With Fire,Film,
Bitter Lake,Film,Adam Curtis
HyperNormalisation,Film,Adam Curtis
Seaspiracy,Film,
Get Me Roger Stone,Film,
jeen-yuhs: A Kanye Trilogy,Film,Kanye West
Wrestling Isn't Wrestling,Film,
Senna,Film,
The Kid,Film,Charlie Chaplin
A Woman of Paris,Film,Charlie Chaplin
The Gold Rush,Film,Charlie Chaplin
The Circus,Film,Charlie Chaplin
City Lights,Film,Charlie Chaplin
Modern Times,Film,Charlie Chaplin
The Great Dictator,Film,Charlie Chaplin
Monsieur Verdoux,Film,Charlie Chaplin
Limelight,Film,Charlie Chaplin
A King in New York,Film,Charlie Chaplin
A Countess from Hong Kong,Film,Charlie Chaplin
Grown Ups,Film,Grown Ups
Grown Ups 2,Film,Grown Ups
American Pie,Film,American Pie
American Pie 2,Film,American Pie
American Wedding,Film,American Pie
American Reunion,Film,American Pie
Ride Along,Film,Ride Along
Ride Along 2,Film,Ride Along
The Hangover,Film,The Hangover
The Hangover Part II,Film,The Hangover
The Hangover Part III,Film,The Hangover
Ali G Indahouse,Film,Sacha Baron Cohen
Borat,Film,Sacha Baron Cohen
Brüno,Film,Sacha Baron Cohen
Borat Subsequent Moviefilm: Delivery of Prodigious Bribe to American Regime for Make Benefit Once Glorious Nation of Kazakhstan,Film,Sacha Baron Cohen
Coming to America,Film,
Friday,Film,
Rush Hour,Film,Rush Hour
Rush Hour 2,Film,Rush Hour
Rush Hour 3,Film,Rush Hour
21 Jump Street,Film,Jump Street
22 Jump Street,Film,Jump Street
Good Boys,Film,
Superbad,Film,
White Chicks,Film,
Ted,Film,
Monty Python and the Holy Grail,Film,Monty Python
Monty Python's Life of Brian,Film,Monty Python
Monty Python's The Meaning of Life,Film,Monty Python
The Mask,Film,
The Dictator,Film,
Akira,Film,
Dune,Film,Frank Herbert
Dune: Part Two,Film,Frank Herbert
Sadhna,Film,B. R. Chopra
Arrival,Film,
Alien,Film,
Aftersun,Film,
2001: A Space Odyssey,Film,Stanley Kubrick
Eyes Wide Shut,Film,Stanley Kubrick
The Shining,Film,Stanley Kubrick
This Is England,Film,
El Camino: A Breaking Bad Movie,Film,Vince Gilligan
Pulp Fiction,Film,Quentin Tarantino
Eternal Sunshine of the Spotless Mind,Film,
Taxi Driver,Film,Martin Scorsese
Moonlight,Film,
The Shawshank Redemption,Film,
The Pianist,Film,
Schindler's List,Film,
The Grand Budapest Hotel,Film,Wes Anderson
Mulholland Drive,Film,
Raging Bull,Film,Martin Scorsese
"The Good, the Bad and the Ugly",Film,
Parasite,Film,
Oldboy,Film,
The Handmaiden,Film,
The Wailing,Film,
American Psycho,Film,
The Whale,Film,
Iron Man,Film,Marvel
The Incredible Hulk,Film,Marvel
Iron Man 2,Film,Marvel
Thor,Film,Marvel
Captain America: The First Avenger,Film,Marvel
The Avengers,Film,Marvel
Iron Man 3,Film,Marvel
Thor: The Dark World,Film,Marvel
Captain America: The Winter Soldier,Film,Marvel
Guardians of the Galaxy,Film,Marvel
Avengers: Age of Ultron,Film,Marvel
Ant-Man,Film,Marvel
Captain America: Civil War,Film,Marvel
Doctor Strange,Film,Marvel
Guardians of the Galaxy Vol. 2,Film,Marvel
Spider-Man: Homecoming,Film,Marvel
Thor: Ragnarok,Film,Marvel
Black Panther,Film,Marvel
Avengers: Infinity War,Film,Marvel
Ant-Man and the Wasp,Film,Marvel
Captain Marvel,Film,Marvel
Avengers: Endgame,Film,Marvel
Spider-Man: Far From Home,Film,Marvel
Black Widow,Film,Marvel
Shang-Chi and the Legend of the Ten Rings,Film,Marvel
Eternals,Film,Marvel
Spider-Man: No Way Home,Film,Marvel
Doctor Strange in the Multiverse of Madness,Film,Marvel
Thor: Love and Thunder,Film,Marvel
Spider-Man: Into the Spider-Verse,Film,Marvel
Spider-Man: Across the Spider-Verse,Film,Marvel
The Batman,Film,Batman
Joker,Film,Batman
Knives Out,Film,Knives Out
Glass Onion: A Knives Out Mystery,Film,Knives Out
The Great Gatsby,Film,F. Scott Fitzgerald
Once Upon a Time...in Hollywood,Film,Quentin Tarantino
The Pursuit of Happyness,Film,
Django Unchained,Film,Quentin Tarantino
Godzilla Minus One,Film,
Crazy Rich Asians,Film,
The Godfather,Film,The Godfather
The Godfather Part II,Film,The Godfather
City of God,Film,
Goodfellas,Film,Martin Scorsese
Everything Everywhere All at Once,Film,
Fight Club,Film,
The Platform,Film,
Boyz n the Hood,Film,
Straight Outta Compton,Film,
Training Day,Film,
My Neighbor Totoro,Film,Studio Ghibli
Spirited Away,Film,Studio Ghibli
Howl's Moving Castle,Film,Studio Ghibli
Top Gun,Film,Top Gun
Top Gun: Maverick,Film,Top Gun
Mirror,Film,
The Boy in the Striped Pyjamas,Film,
The Theory of Everything,Film,
The Truman Show,Film,
Roots,TV Series,
Her,Film,
Inception,Film,Christopher Nolan
Your Name,Film,Makoto Shinkai
Get Out,Film,
The Revenant,Film,
La La Land,Film,
The Florida Project,Film,
The Lighthouse,Film,
Koyaanisqatsi,Film,
Forrest Gump,Film,
Napoleon Dynamite,Film,
Weathering with You,Film,Makoto Shinkai
Bernie,Film,
Rain Man,Film,
Home Alone,Film,Home Alone
Home Alone 2: Lost in New York,Film,Home Alone
Mission: Impossible,Film,Mission: Impossible
Mission: Impossible 2,Film,Mission: Impossible
Mission: Impossible III,Film,Mission: Impossible
Mission: Impossible - Ghost Protocol,Film,Mission: Impossible
Pirates of the Caribbean: The Curse of the Black Pearl,Film,Pirates of the Caribbean
Pirates of the Caribbean: Dead Man's Chest,Film,Pirates of the Caribbean
Pirates of the Caribbean: At World's End,Film,Pirates of the Caribbean
The Fast and the Furious,Film,Fast & Furious
2 Fast 2 Furious,Film,Fast & Furious
The Fast and the Furious: Tokyo Drift,Film,Fast & Furious
Fast & Furious,Film,Fast & Furious
Fast Five,Film,Fast & Furious
Fast & Furious 6,Film,Fast & Furious
Furious 7,Film,Fast & Furious
The Call,Film,
Slumdog Millionaire,Film,
Batman Begins,Film,"Batman, Christopher Nolan"
The Dark Knight Rises,Film,"Batman, Christopher Nolan"
The Dark Knight Rises,Film,"Batman, Christopher Nolan"
The Conjuring,Film,The Conjuring Universe
The Conjuring 2,Film,The Conjuring Universe
The Conjuring: The Devil Made Me Do It,Film,The Conjuring Universe
Scream,Film,
Friday the 13th,Film,
Halloween,Film,Halloween
Halloween,Film,Halloween
Halloween Kills,Film,Halloween
Halloween Ends,Film,Halloween
A Nightmare on Elm Street,Film,
Taken,Film,
American Sniper,Film,
The Martian,Film,
I Am Not Your Negro,Film,
An Inspector Calls,Film,
Travis Scott: Look Mom I Can Fly,Film,Travis Scott
Close-Up,Film,Abbas Kiarostami
1917,Film,
Full Metal Jacket,Film,Stanley Kubrick
Dunkirk,Film,Christopher Nolan
Scarface,Film,
The Idol,TV Series,The Weeknd
Nightcrawler,Film,
Southpaw,Film,
Heat,Film,
Casablanca,Film,
The Matrix,Film,
Reservoir Dogs,Film,Quentin Tarantino
Logan,Film,Marvel
A Clockwork Orange,Film,Stanley Kubrick
Kidulthood,Film,
Ex Machina,Film,
Perfect Blue,Film,
Blade Runner,Film,Blade Runner
Blade Runner 2049,Film,Blade Runner
Groundhog Day,Film,
Trainspotting,Film,
Children of Men,Film,
Call Me by Your Name,Film,
The Notebook,Film,
Mad Max,Film,Mad Max
Mad Max 2,Film,Mad Max
Mad Max Beyond Thunderdome,Film,Mad Max
Mad Max: Fury Road,Film,Mad Max
Braveheart,Film,
300,Film,
Titanic,Film,
Birdman,Film,
Inglourious Basterds,Film,Quentin Tarantino
Dope,Film,
Singin' in the Rain,Film,
Saving Private Ryan,Film,
The Social Network,Film,
BlacKkKlansman,Film,
Isle of Dogs,Film,Wes Anderson
The Breakfast Club,Film,
Ferris Bueller's Day Off,Film,
Self Made,Film,
The Founder,Film,
The Imitation Game,Film,
Super 30,Film,
The Man Who Knew Infinity,Film,
Life of Pi,Film,
Tenet,Film,Christopher Nolan
Past Lives,Film,
La Jetée,Film,
Midsommar,Film,
Minari,Film,
Gone Girl,Film,
Dr. No,Film,James Bond
From Russia with Love,Film,James Bond
Goldfinger,Film,James Bond
Thunderball,Film,James Bond
You Only Live Twice,Film,James Bond
On Her Majesty's Secret Service,Film,James Bond
The Spy Who Loved Me,Film,James Bond
For Your Eyes Only,Film,James Bond
The Living Daylights,Film,James Bond
Licence to Kill,Film,James Bond
GoldenEye,Film,James Bond
Casino Royale,Film,James Bond
Quantum of Solace,Film,James Bond
Skyfall,Film,James Bond
Spectre,Film,James Bond
No Time to Die,Film,James Bond
After Hours,Film,Martin Scorsese
Ghost in the Shell,Film,
Citizen Kane,Film,
Die Hard,Film,
The Terminator,Film,Terminator
Terminator 2: Judgment Day,Film,Terminator
The Equalizer,Film,The Equalizer
The Equalizer 2,Film,The Equalizer
The Equalizer 3,Film,The Equalizer
The Raid,Film,The Raid
The Raid 2,Film,The Raid
John Wick,Film,John Wick
John Wick: Chapter 2,Film,John Wick
John Wick: Chapter 3 - Parabellum,Film,John Wick
John Wick: Chapter 4,Film,John Wick
Uncut Gems,Film,
The Silence of the Lambs,Film,
Harakiri,Film,
Grave of the Fireflies,Film,Studio Ghibli
Interstellar,Film,Christopher Nolan
Seven,Film,
One Flew Over the Cuckoo's Nest,Film,
The Lord of the Rings: The Fellowship of the Ring,Film,"J. R. R. Tolkien, Peter Jackson"
The Lord of the Rings: The Two Towers,Film,"J. R. R. Tolkien, Peter Jackson"
The Lord of the Rings: The Return of the King,Film,"J. R. R. Tolkien, Peter Jackson"
The Hobbit: An Unexpected Journey,Film,"J. R. R. Tolkien, Peter Jackson"
The Hobbit: The Desolation of Smaug,Film,"J. R. R. Tolkien, Peter Jackson"
The Hobbit: The Battle of the Five Armies,Film,"J. R. R. Tolkien, Peter Jackson"
Harry Potter and the Philosopher's Stone,Film,J. K. Rowling
Harry Potter and the Chamber of Secrets,Film,J. K. Rowling
Harry Potter and the Prisoner of Azkaban,Film,J. K. Rowling
Harry Potter and the Goblet of Fire,Film,J. K. Rowling
Harry Potter and the Order of the Phoenix,Film,J. K. Rowling
Harry Potter and the Half-Blood Prince,Film,J. K. Rowling
Harry Potter and the Deathly Hallows - Part 1,Film,J. K. Rowling
Harry Potter and the Deathly Hallows - Part 2,Film,J. K. Rowling
The Intouchables,Film,
La Haine,Film,
Kick-Ass,Film,Kick-Ass
Kick-Ass 2,Film,Kick-Ass
Fighting with My Family,Film,WWE
Shutter Island,Film,Martin Scorsese
The Wolf of Wall Street,Film,Martin Scorsese
Black Swan,Film,
Dead Poets Society,Film,
Grease,Film,
Hamilton,Film,
Katt Williams: The Pimp Chronicles Pt. 1,Comedy Special,Katt Williams
Katt Williams Live: Let a Playa Play,Comedy Special,Katt Williams
Katt Williams: American Hustle,Comedy Special,Katt Williams
Katt Williams: It's Pimpin' Pimpin',Comedy Special,Katt Williams
Katt Williams: Pimpadelic,Comedy Special,Katt Williams
Katt Williams: 9 Lives,Comedy Special,Katt Williams
Katt Williams: Kattpacalypse,Comedy Special,Katt Williams
Katt Williams: Priceless: Afterlife,Comedy Special,Katt Williams
Katt Williams: Great America,Comedy Special,Katt Williams
Katt Williams: World War III,Comedy Special,Katt Williams
Outsourced,Comedy Special,Russell Peters
"Russell Peters: Two Concerts, One Ticket",Comedy Special,Russell Peters
"Red, White and Brown",Comedy Special,Russell Peters
The Green Card Tour: Live from the O2 Arena,Comedy Special,Russell Peters
Notorious,Comedy Special,Russell Peters
Almost Famous,Comedy Special,Russell Peters
Deported,Comedy Special,Russell Peters
Hasan Minhaj: Homecoming King,Comedy Special,Hasan Minhaj
On Location: George Carlin at USC,Comedy Special,George Carlin
George Carlin: Again!,Comedy Special,George Carlin
Carlin at Carnegie,Comedy Special,George Carlin
Carlin on Campus,Comedy Special,George Carlin
Playin' with Your Head,Comedy Special,George Carlin
What Am I Doing in New Jersey?,Comedy Special,George Carlin
Doin' It Again,Comedy Special,George Carlin
Jammin' in New York,Comedy Special,George Carlin
Back in Town,Comedy Special,George Carlin
George Carlin: 40 Years of Comedy,Comedy Special,George Carlin
You Are All Diseased,Comedy Special,George Carlin
Complaints and Grievances,Comedy Special,George Carlin
Life Is Worth Losing,Comedy Special,George Carlin
It's Bad for Ya,Comedy Special,George Carlin
Dave Chappelle: Killin' Them Softly,Comedy Special,Dave Chappelle
Dave Chappelle: For What It's Worth,Comedy Special,Dave Chappelle
The Age of Spin: Dave Chappelle Live at The Hollywood Palladium,Comedy Special,Dave Chappelle
Deep in the Heart of Texas: Dave Chappelle Live at Austin City Limits,Comedy Special,Dave Chappelle
Dave Chappelle: Equanimity,Comedy Special,Dave Chappelle
Dave Chappelle: The Bird Revelation,Comedy Special,Dave Chappelle
Dave Chappelle: Sticks & Stones,Comedy Special,Dave Chappelle
8:46,Film,Dave Chappelle
Dave Chappelle: Unforgiven,Film,Dave Chappelle
Dave Chappelle: Redemption Song,Film,Dave Chappelle
Dave Chappelle: The Closer,Comedy Special,Dave Chappelle
Dave Chappelle: What's in a Name?,Film,Dave Chappelle
Dave Chappelle: The Dreamer,Comedy Special,Dave Chappelle
4:4:1,Comedy Special,Andrew Schulz
5:5:1,Comedy Special,Andrew Schulz
Views from the Cis EP,Comedy Special,Andrew Schulz
Schulz Saves America,Comedy Special,Andrew Schulz
Andrew Schulz: Infamous,Comedy Special,Andrew Schulz
Akaash Singh: Bring Back Apu,Comedy Special,Akaash Singh
Eddie Murphy: Delirious,Comedy Special,Eddie Murphy
Eddie Murphy: Raw,Comedy Special,Eddie Murphy
Kevin Hart: I'm a Grown Little Man,Comedy Special,Kevin Hart
Kevin Hart: Seriously Funny,Comedy Special,Kevin Hart
Kevin Hart: Laugh at My Pain,Comedy Special,Kevin Hart
Kevin Hart: Let Me Explain,Comedy Special,Kevin Hart
Kevin Hart: What Now?,Comedy Special,Kevin Hart
Kevin Hart: Irresponsible,Comedy Special,Kevin Hart
Kevin Hart: Zero F**ks Given,Comedy Special,Kevin Hart
Patrice O'Neal: Elephant in the Room,Comedy Special,Patrice O’Neal
Bill Burr: Why Do I Do This?,Comedy Special,Bill Burr
Bill Burr: Let It Go,Comedy Special,Bill Burr
Bill Burr: You People Are All the Same,Comedy Special,Bill Burr
Bill Burr: I'm Sorry You Feel That Way,Comedy Special,Bill Burr
Bill Burr: Walk Your Way Out,Comedy Special,Bill Burr
Bill Burr: Paper Tiger,Comedy Special,Bill Burr
Bill Burr: Live at Red Rocks,Comedy Special,Bill Burr
Louis C.K.: Shameless,Comedy Special,Louis C.K.
Louis C.K.: Chewed Up,Comedy Special,Louis C.K.
Louis C.K.: Hilarious,Comedy Special,Louis C.K.
Louis C.K.: Live at the Beacon Theater,Comedy Special,Louis C.K.
Louis C.K.: Oh My God,Comedy Special,Louis C.K.
Louis C.K.: Live at the Comedy Store,Comedy Special,Louis C.K.
Louis C.K. 2017,Comedy Special,Louis C.K.
Sincerely Louis C.K.,Comedy Special,Louis C.K.
Louis C.K.: Sorry,Comedy Special,Louis C.K.
Louis C.K. at The Dolby,Comedy Special,Louis C.K.
Louis C.K.: Back to the Garden,Comedy Special,Louis C.K.
Norm Macdonald: Me Doing Stand-Up,Comedy Special,Norm Macdonald
"Norm Macdonald: Hitler's Dog, Gossip & Trickery",Comedy Special,Norm Macdonald
Norm Macdonald: Nothing Special,Comedy Special,Norm Macdonald
Frankie Boyle Live,Comedy Special,Frankie Boyle
"Frankie Boyle: If I Could Reach Out Through Your TV and Strangle You, I Would",Comedy Special,Frankie Boyle
Frankie Boyle: The Last Days of Sodom,Comedy Special,Frankie Boyle
Frankie Boyle: Hurt Like You've Never Been Loved,Comedy Special,Frankie Boyle
Frankie Boyle: Excited for You to See and Hate This,Comedy Special,Frankie Boyle
Greg Davies: Firing Cheeseballs at a Dog,Comedy Special,Greg Davies
Greg Davies Live: The Back of My Mum's Head,Comedy Special,Greg Davies
Greg Davies: You Magnificent Beast,Comedy Special,Greg Davies
Ricky Gervais Live: Animals,Comedy Special,Ricky Gervais
Ricky Gervais Live 2: Politics,Comedy Special,Ricky Gervais
Ricky Gervais Live 3: Fame,Comedy Special,Ricky Gervais
Ricky Gervais: Out of England,Comedy Special,Ricky Gervais
Ricky Gervais Live IV: Science,Comedy Special,Ricky Gervais
Ricky Gervais: Out of England 2,Comedy Special,Ricky Gervais
Ricky Gervais: Humanity,Comedy Special,Ricky Gervais
Ricky Gervais: SuperNature,Comedy Special,Ricky Gervais
Ricky Gervais: Armageddon,Comedy Special,Ricky Gervais
Chris Rock: Big Ass Jokes,Comedy Special,Chris Rock
Chris Rock: Bring the Pain,Comedy Special,Chris Rock
Chris Rock: Bigger & Blacker,Comedy Special,Chris Rock
Chris Rock: Never Scared,Comedy Special,Chris Rock
Chris Rock: Kill the Messenger,Comedy Special,Chris Rock
Chris Rock: Selective Outrage,Comedy Special,Chris Rock
Chris Rock: Tamborine,Comedy Special,Chris Rock
John Mulaney: The Top Part,Comedy Special,John Mulaney
John Mulaney: New in Town,Comedy Special,John Mulaney
John Mulaney: The Comeback Kid,Comedy Special,John Mulaney
John Mulaney: Kid Gorgeous at Radio City,Comedy Special,John Mulaney
John Mulaney: Baby J,Comedy Special,John Mulaney
David Copperfield,Book,Charles Dickens
Great Expectations,Book,Charles Dickens
The Catcher in the Rye,Book,J. D. Salinger
Catch-22,Book,Joseph Heller
Jane Eyre,Book,Charlotte Brontë
To Kill a Mockingbird,Book,Harper Lee
"Oliver Twist; or, The Parish Boy's Progress",Book,Charles Dickens
Stay Out of the Basement,Book,R. L. Stine
Say Cheese and Die!,Book,R. L. Stine
Night of the Living Dummy,Book,R. L. Stine
The Haunted Mask,Book,R. L. Stine
One Day at HorrorLand,Book,R. L. Stine
The Hitchhiker's Guide to the Galaxy,Book,Douglas Adams
Holes,Book,Louis Sachar
Of Mice and Men,Book,John Steinbeck
Jonathan Livingston Seagull: A Story,Book,Richard Bach
The Kite Runner,Book,Khaled Hosseini
An Inspector Calls,Book,J. B. Priestley
Logicomix,Book,Apostolos Doxiadis
Crime and Punishment,Book,Fyodor Dostoevsky
Noughts & Crosses,Book,Malorie Blackman
Knife Edge,Book,Malorie Blackman
Checkmate,Book,Malorie Blackman
Double Cross,Book,Malorie Blackman
Crossfire,Book,Malorie Blackman
Endgame,Book,Malorie Blackman
War and Peace,Book,Leo Tolstoy
Little Women,Book,Louisa May Alcott
The Da Vinci Code,Book,Dan Brown
The Grapes of Wrath,Book,John Steinbeck
Flowers for Algernon,Book,Daniel Keyes
Dune,Book,Frank Herbert
Dune Messiah,Book,Frank Herbert
Children of Dune,Book,Frank Herbert
God Emperor of Dune,Book,Frank Herbert
The Very Hungry Caterpillar,Book,Eric Carle
The Wonderful Story of Henry Sugar and Six More,Book,Roald Dahl
The Magic Finger,Book,Roald Dahl
Danny the Champion of the World,Book,Roald Dahl
Boy: Tales of Childhood,Book,Roald Dahl
The Enormous Crocodile,Book,Roald Dahl
The Giraffe and the Pelly and Me,Book,Roald Dahl
Esio Trot,Book,Roald Dahl
George's Marvellous Medicine,Book,Roald Dahl
Fantastic Mr Fox,Book,Roald Dahl
The BFG,Book,Roald Dahl
Charlie and the Chocolate Factory,Book,Roald Dahl
Charlie and the Great Glass Elevator,Book,Roald Dahl
Matilda,Book,Roald Dahl
The Witches,Book,Roald Dahl
James and the Giant Peach,Book,Roald Dahl
The Twits,Book,Roald Dahl
The Tale of Peter Rabbit,Book,Beatrix Potter
The Tale of Squirrel Nutkin,Book,Beatrix Potter
The Tailor of Gloucester,Book,Beatrix Potter
The Tale of Benjamin Bunny,Book,Beatrix Potter
The Tale of Two Bad Mice,Book,Beatrix Potter
The Tale of Mrs. Tiggy-Winkle,Book,Beatrix Potter
The Tale of the Pie and the Patty-Pan,Book,Beatrix Potter
The Tale of Mr. Jeremy Fisher,Book,Beatrix Potter
The Story of A Fierce Bad Rabbit,Book,Beatrix Potter
The Story of Miss Moppet,Book,Beatrix Potter
The Tale of Tom Kitten,Book,Beatrix Potter
The Tale of Jemima Puddle-Duck,Book,Beatrix Potter
The Tale of Samuel Whiskers or The Roly-Poly Pudding,Book,Beatrix Potter
The Tale of the Flopsy Bunnies,Book,Beatrix Potter
The Tale of Ginger and Pickles,Book,Beatrix Potter
The Tale of Mrs. Tittlemouse,Book,Beatrix Potter
The Tale of Timmy Tiptoes,Book,Beatrix Potter
The Tale of Mr. Tod,Book,Beatrix Potter
The Tale of Pigling Bland,Book,Beatrix Potter
Appley Dapply's Nursery Rhymes,Book,Beatrix Potter
The Tale of Johnny Town-Mouse,Book,Beatrix Potter
Cecily Parsley's Nursery Rhymes,Book,Beatrix Potter
The Tale of Little Pig Robinson,Book,Beatrix Potter
When We Were Very Young,Book,A. A. Milne
Now We Are Six,Book,A. A. Milne
Winnie-the-Pooh,Book,A. A. Milne
The House at Pooh Corner,Book,A. A. Milne
Lord of the Flies,Book,William Golding
Ulysses,Book,James Joyce
The Great Gatsby,Book,F. Scott Fitzgerald
Lolita,Book,Vladimir Nabokov
Nineteen Eighty-Four,Book,George Orwell
Animal Farm,Book,George Orwell
Rani and Sukh,Book,Bali Rai
"Frankenstein; or, The Modern Prometheus",Book,Mary Shelley
The Old Man and the Sea,Book,Ernest Hemingway
Charlotte's Web,Book,
"Moby-Dick; or, The Whale",Book,Herman Melville
Don Quixote,Book,Miguel de Cervantes
It,Book,Stephen King
The Handmaid's Tale,Book,Margaret Atwood
A Study in Scarlet,Book,Arthur Conan Doyle
The Sign of the Four,Book,Arthur Conan Doyle
The Adventures of Sherlock Holmes,Book,Arthur Conan Doyle
The Memoirs of Sherlock Holmes,Book,Arthur Conan Doyle
The Hound of the Baskervilles,Book,Arthur Conan Doyle
The Return of Sherlock Holmes,Book,Arthur Conan Doyle
The Valley of Fear,Book,Arthur Conan Doyle
The Raven,Book,Edgar Allan Poe
The Tell-Tale Heart,Book,Edgar Allan Poe
The Fall of the House of Usher,Book,Edgar Allan Poe
The Picture of Dorian Gray,Book,Oscar Wilde
Far from the Madding Crowd,Book,Thomas Hardy
The Mayor of Casterbridge,Book,Thomas Hardy
Tess of the d'Urbervilles: A Pure Woman,Book,Thomas Hardy
Jude the Obscure,Book,Thomas Hardy
Les Misérables,Book,Victor Hugo
Dracula,Book,Bram Stoker
A Tale of Two Cities,Book,Charles Dickens
Pride and Prejudice,Book,Jane Austen
Where's Wally?,Book,Martin Handford
Where's Wally Now?,Book,Martin Handford
Where's Wally? The Fantastic Journey,Book,Martin Handford
Where's Wally in Hollywood?,Book,Martin Handford
Where's Wally? The Wonder Book,Book,Martin Handford
Where's Waldo? The Great Picture Hunt!,Book,Martin Handford
Where's Wally?: The Incredible Paper Chase,Book,Martin Handford
Corduroy,Book,Don Freeman
Winnie the Witch,Book,Winnie the Witch
Winnie in Winter,Book,Winnie the Witch
Winnie Flies Again,Book,Winnie the Witch
Winnie's Magic Wand,Book,Winnie the Witch
Winnie's New Computer,Book,Winnie the Witch
Winnie at the Seaside,Book,Winnie the Witch
Elmer the Patchwork Elephant,Book,Winnie the Witch
Madeline,Book,Ludwig Bemelmans
Madeline's Rescue,Book,Ludwig Bemelmans
Madeline and the Bad Hat,Book,Ludwig Bemelmans
Madeline's Christmas,Book,Ludwig Bemelmans
Madeline and the Gypsies,Book,Ludwig Bemelmans
Madeline in London,Book,Ludwig Bemelmans
Horrid Henry,Book,Francesca Simon
Horrid Henry and the Secret Club,Book,Francesca Simon
Horrid Henry Tricks the Tooth Fairy,Book,Francesca Simon
Horrid Henry's Nits,Book,Francesca Simon
Horrid Henry Gets Rich Quick,Book,Francesca Simon
Horrid Henry's Haunted House,Book,Francesca Simon
Horrid Henry and The Mummy's Curse,Book,Francesca Simon
Horrid Henry's Revenge,Book,Francesca Simon
Horrid Henry and the Bogey Babysitter,Book,Francesca Simon
Horrid Henry's Stinkbomb,Book,Francesca Simon
Horrid Henry's Underpants,Book,Francesca Simon
Horrid Henry Meets The Queen,Book,Francesca Simon
Horrid Henry and the Mega-Mean Time Machine,Book,Francesca Simon
Horrid Henry and the Football Fiend,Book,Francesca Simon
Horrid Henry's Christmas Cracker,Book,Francesca Simon
Horrid Henry and the Abominable Snowman,Book,Francesca Simon
Horrid Henry's Joke Book,Book,Francesca Simon
Horrid Henry's Jolly Joke Book,Book,Francesca Simon
Horrid Henry's Mighty Joke Book,Book,Francesca Simon
Horrid Henry's Hilariously Horrid Joke Book,Book,Francesca Simon
Horrid Henry's Purple Hand Gang Joke Book,Book,Francesca Simon
Horrid Henry's All Time Favourite Joke Book,Book,Francesca Simon
Fairy Tale,Book,Stephen King
The Merchant of Venice,Book,Shakespeare
Julius Caesar,Book,Shakespeare
Othello,Book,Shakespeare
As You Like It,Book,Shakespeare
Antony and Cleopatra,Book,Shakespeare
Hamlet,Book,Shakespeare
Henry V,Book,Shakespeare
Twelfth Night,Book,Shakespeare
A Midsummer Night's Dream,Book,Shakespeare
Romeo and Juliet,Book,Shakespeare
The Tragedie of Macbeth,Book,Shakespeare
Much Ado About Nothing,Book,Shakespeare
The Taming of the Shrew,Book,Shakespeare
King Lear,Book,Shakespeare
Richard III,Book,Shakespeare
Mr. Men,Book,Roger Hargreaves
Little Miss,Book,Roger Hargreaves
And to Think That I Saw It on Mulberry Street,Book,Dr. Seuss
The 500 Hats of Bartholomew Cubbins,Book,Dr. Seuss
The King's Stilts,Book,Dr. Seuss
Horton Hatches the Egg,Book,Dr. Seuss
McElligot's Pool,Book,Dr. Seuss
Thidwick the Big-Hearted Moose,Book,Dr. Seuss
Bartholomew and the Oobleck,Book,Dr. Seuss
If I Ran the Zoo,Book,Dr. Seuss
Scrambled Eggs Super!,Book,Dr. Seuss
Horton Hears a Who!,Book,Dr. Seuss
On Beyond Zebra!,Book,Dr. Seuss
If I Ran the Circus,Book,Dr. Seuss
The Cat in the Hat,Book,Dr. Seuss
How the Grinch Stole Christmas!,Book,Dr. Seuss
Yertle the Turtle and Other Stories,Book,Dr. Seuss
The Cat in the Hat Comes Back,Book,Dr. Seuss
Happy Birthday to You!,Book,Dr. Seuss
Green Eggs and Ham,Book,Dr. Seuss
"One Fish, Two Fish, Red Fish, Blue Fish",Book,Dr. Seuss
The Sneetches and Other Stories,Book,Dr. Seuss
Dr. Seuss's Sleep Book,Book,Dr. Seuss
Dr. Seuss's ABC,Book,Dr. Seuss
Hop on Pop,Book,Dr. Seuss
Fox in Socks,Book,Dr. Seuss
I Had Trouble in Getting to Solla Sollew,Book,Dr. Seuss
The Foot Book,Book,Dr. Seuss
I Can Lick 30 Tigers Today! and Other Stories,Book,Dr. Seuss
My Book about ME,Book,Dr. Seuss
Mr. Brown Can Moo! Can You?,Book,Dr. Seuss
The Lorax,Book,Dr. Seuss
Marvin K. Mooney Will You Please Go Now!,Book,Dr. Seuss
Did I Ever Tell You How Lucky You Are?,Book,Dr. Seuss
The Shape of Me and Other Stuff,Book,Dr. Seuss
Great Day for Up!,Book,Dr. Seuss
There's a Wocket in My Pocket,Book,Dr. Seuss
"Oh, the Thinks You Can Think!",Book,Dr. Seuss
I Can Read with My Eyes Shut!,Book,Dr. Seuss
Oh Say Can You Say?,Book,Dr. Seuss
Hunches in Bunches,Book,Dr. Seuss
The Butter Battle Book,Book,Dr. Seuss
You're Only Old Once!,Book,Dr. Seuss
I Am Not Going to Get Up Today!,Book,Dr. Seuss
"Oh, the Places You'll Go!",Book,Dr. Seuss
The Adventures of Captain Underpants,Book,Dav Pilkey
Captain Underpants and the Attack of the Talking Toilets,Book,Dav Pilkey
Captain Underpants and the Invasion of the Incredibly Naughty Cafeteria Ladies from Outer Space (and the Subsequent Assault of the Equally Evil Lunchroom Zombie Nerds),Book,Dav Pilkey
Captain Underpants and the Perilous Plot of Professor Poopypants,Book,Dav Pilkey
Captain Underpants and the Wrath of the Wicked Wedgie Woman,Book,Dav Pilkey
"Captain Underpants and the Big, Bad Battle of the Bionic Booger Boy (Parts 1 & 2)",Book,Dav Pilkey
"Captain Underpants and the Big, Bad Battle of the Bionic Booger Boy (Parts 1 & 2)",Book,Dav Pilkey
Captain Underpants and the Preposterous Plight of the Purple Potty People,Book,Dav Pilkey
Captain Underpants and the Terrifying Return of Tippy Tinkletrousers,Book,Dav Pilkey
Captain Underpants and the Revolting Revenge of the Radioactive Robo-Boxers,Book,Dav Pilkey
Captain Underpants and the Tyrannical Retaliation of the Turbo Toilet 2000,Book,Dav Pilkey
Captain Underpants and the Sensational Saga of Sir Stinks-A-Lot,Book,Dav Pilkey
Savage Stone Age,Book,Horrible Histories
Awesome Egyptians,Book,Horrible Histories
Awful Egyptians,Book,Horrible Histories
Groovy Greeks,Book,Horrible Histories
Rotten Romans,Book,Horrible Histories
Ruthless Romans,Book,Horrible Histories
Cut-Throat Celts,Book,Horrible Histories
Smashing Saxons,Book,Horrible Histories
Vicious Vikings,Book,Horrible Histories
Stormin' Normans,Book,Horrible Histories
Measly Middle Ages,Book,Horrible Histories
Angry Aztecs,Book,Horrible Histories
Incredible Incas,Book,Horrible Histories
Terrible Tudors,Book,Horrible Histories
Terrifying Tudors,Book,Horrible Histories
Slimy Stuarts,Book,Horrible Histories
Gorgeous Georgians,Book,Horrible Histories
Vile Victorians,Book,Horrible Histories
Villainous Victorians,Book,Horrible Histories
Barmy British Empire,Book,Horrible Histories
Frightful First World War,Book,Horrible Histories
Woeful Second World War,Book,Horrible Histories
Blitzed Brits,Book,Horrible Histories
The Gruffalo,Book,
The Beano,Book,Beano
One Piece,Book,Eiichiro Oda
Dragon Ball,Book,Akira Toriyama
Diary of a Wimpy Kid,Book,Jeff Kinney
Diary of a Wimpy Kid: Rodrick Rules,Book,Jeff Kinney
Diary of a Wimpy Kid: The Last Straw,Book,Jeff Kinney
Diary of a Wimpy Kid: Dog Days,Book,Jeff Kinney
Diary Of A Wimpy Kid: The Ugly Truth,Book,Jeff Kinney
Diary of a Wimpy Kid: Cabin Fever,Book,Jeff Kinney
Diary of a Wimpy Kid: The Third Wheel,Book,Jeff Kinney
Diary of a Wimpy Kid: Hard Luck,Book,Jeff Kinney
Diary of a Wimpy Kid: The Long Haul,Book,Jeff Kinney
Diary of a Wimpy Kid: Old School,Book,Jeff Kinney
Soccer Squad: Starting Eleven,Book,Bali Rai
Soccer Squad: Missing!,Book,Bali Rai
Soccer Squad: Stars!,Book,Bali Rai
Soccer Squad: Glory!,Book,Bali Rai
