title,media_type,collection,release_date,finale_date,reference_wiki,reference_imdb,age_minimum,notes,
Brainiac: Science Abuse,series kids documentary,,2003-11-13,2008-09-30,https://en.wikipedia.org/wiki/Brainiac:_Science_Abuse,https://www.imdb.com/title/tt0363314/,7,,
Horrible Histories,series kids documentary,Horrible Histories,2009-04-16,2013-09-07,https://en.wikipedia.org/wiki/Horrible_Histories_(2009_TV_series),https://www.imdb.com/title/tt1365046/,7,,
Operation Ouch!,series kids documentary,,2012-10-03,,https://en.wikipedia.org/wiki/Operation_Ouch!,https://www.imdb.com/title/tt2294504/,3,,
Freaks and Geeks,series kids,,1999-09-25,2000-07-08,https://en.wikipedia.org/wiki/Freaks_and_Geeks,https://www.imdb.com/title/tt0193676/,15,,
Danger Mouse,series kids,,1981-09-28,1992-09-19,https://en.wikipedia.org/wiki/Danger_Mouse_(1981_TV_series),https://www.imdb.com/title/tt0081846/,3,,
Ooglies,series kids,,2009-04-20,2015-06-26,https://en.wikipedia.org/wiki/Ooglies,https://www.imdb.com/title/tt1298315/,3,,
The Cramp Twins,series kids,,2001-11-08,2006-09-24,https://en.wikipedia.org/wiki/The_Cramp_Twins,https://www.imdb.com/title/tt0318273/,7,,
Robotboy,series kids,,2005-11-01,2008-10-27,https://en.wikipedia.org/wiki/Robotboy,https://www.imdb.com/title/tt0452707/,7,,
Kid vs. Kat,series kids,,2008-10-25,2011-06-04,https://en.wikipedia.org/wiki/Kid_vs._Kat,https://www.imdb.com/title/tt1071743/,7,,
Johnny Test,series kids,,2005-09-17,2014-12-25,https://en.wikipedia.org/wiki/Johnny_Test,https://www.imdb.com/title/tt0454349/,7,,
Mucha Lucha,series kids,,2002-08-17,2005-05-08,https://en.wikipedia.org/wiki/Mucha_Lucha,https://www.imdb.com/title/tt0341808/,7,,
Wallace & Gromit: Cracking Contraptions,series kids,Aardman,2002-08-25,2002-09-15,https://en.wikipedia.org/wiki/Wallace_and_Gromit's_Cracking_Contraptions,https://www.imdb.com/title/tt0381909/,3,,
Wallace & Gromit's World of Invention,series kids,Aardman,2010-11-03,2010-12-08,https://en.wikipedia.org/wiki/Wallace_%26_Gromit's_World_of_Invention,https://www.imdb.com/title/tt1796110/,3,,
Shaun the Sheep,series kids,Aardman,2007-03-05,,https://en.wikipedia.org/wiki/Shaun_the_Sheep,https://www.imdb.com/title/tt0983983/,3,,
Timmy Time,series kids,Aardman,2009-04-06,2012-07-13,https://en.wikipedia.org/wiki/Timmy_Time,https://www.imdb.com/title/tt1483788/,3,,
Bluey,series kids,,2018-10-01,,https://en.wikipedia.org/wiki/Bluey_(2018_TV_series),https://www.imdb.com/title/tt7678620/,3,,
Little Einsteins,series kids,,2005-10-09,2009-12-22,https://en.wikipedia.org/wiki/Little_Einsteins,https://www.imdb.com/title/tt0429346/,3,,
Sesame Street,series kids,,1969-11-10,,https://en.wikipedia.org/wiki/Sesame_Street,https://www.imdb.com/title/tt0063951/,3,,
Arthur,series kids,,1996-10-07,,https://en.wikipedia.org/wiki/Arthur_(TV_series),https://www.imdb.com/title/tt0169414/,3,,
Bill Nye the Science Guy,series kids,,1993-09-10,1998-06-20,https://en.wikipedia.org/wiki/Bill_Nye_the_Science_Guy,https://www.imdb.com/title/tt0106115/,3,,
Pingu,series kids,,1986-05-28,2006-04-20,https://en.wikipedia.org/wiki/Pingu,https://www.imdb.com/title/tt0178149/,3,,
Charlie and Lola,series kids,,2005-11-07,2008-05-28,https://en.wikipedia.org/wiki/Charlie_and_Lola,https://www.imdb.com/title/tt0430994/,3,,
SpongeBob SquarePants,series kids,,1999-05-01,,https://en.wikipedia.org/wiki/SpongeBob_SquarePants,https://www.imdb.com/title/tt0206512/,3,,
Dora the Explorer,series kids,,2000-08-14,2019-08-09,https://en.wikipedia.org/wiki/Dora_the_Explorer,https://www.imdb.com/title/tt0235917/,3,,
Blue's Clues,series kids,,1996-09-08,2006-08-06,https://en.wikipedia.org/wiki/Blue%27s_Clues,https://www.imdb.com/title/tt0111907/,3,,
Backyard Science,series kids,,2005-10-17,2010-12-17,https://en.wikipedia.org/wiki/Backyard_Science_(TV_series),https://www.imdb.com/title/tt0491601/,7,,
Art Attack,series kids,,1990-06-15,2007-08-12,https://en.wikipedia.org/wiki/Art_Attack,https://www.imdb.com/title/tt0206501/,3,,
Phineas and Ferb,series kids,,2007-08-17,2015-06-12,https://en.wikipedia.org/wiki/Phineas_and_Ferb,https://www.imdb.com/title/tt0852863/,3,,
Power Rangers,series kids,,1993-08-28,,https://en.wikipedia.org/wiki/Power_Rangers,https://www.imdb.com/title/tt0106064/,7,,
The Story of Tracy Beaker,series kids,Jacqueline Wilson,2002-01-08,2005-12-09,https://en.wikipedia.org/wiki/The_Story_of_Tracy_Beaker_(TV_series),https://www.imdb.com/title/tt0302102/,7,,
Tracy Beaker Returns,series kids,Jacqueline Wilson,2010-01-08,2012-03-23,https://en.wikipedia.org/wiki/Tracy_Beaker_Returns,https://www.imdb.com/title/tt1190873/,7,,
The Dumping Ground,series kids,Jacqueline Wilson,2013-01-04,,https://en.wikipedia.org/wiki/The_Dumping_Ground,https://www.imdb.com/title/tt2542364/,7,,
The Sarah Jane Adventures,series kids,Doctor Who,2007-09-24,2011-10-18,https://en.wikipedia.org/wiki/The_Sarah_Jane_Adventures,https://www.imdb.com/title/tt0870111/,7,,
Dani's House,series kids,,2008-01-26,2012-09-28,https://en.wikipedia.org/wiki/Dani%27s_House,https://www.imdb.com/title/tt1199993/,7,,
Drake & Josh,series kids,Dan Schneider,2004-01-11,2007-09-16,https://en.wikipedia.org/wiki/Drake_%26_Josh,https://www.imdb.com/title/tt0363328/,8,,
iCarly,series kids,Dan Schneider,2007-09-08,2012-11-23,https://en.wikipedia.org/wiki/ICarly,https://www.imdb.com/title/tt0972534/,9,,
Victorious,series kids,Dan Schneider,2010-03-27,2013-02-02,https://en.wikipedia.org/wiki/Victorious,https://www.imdb.com/title/tt0972534/,7,,
That's So Raven,series kids,"Michael Poryes, Susan Sherman",2003-01-17,2007-11-10,https://en.wikipedia.org/wiki/That%27s_So_Raven,https://www.imdb.com/title/tt0367358/,7,,
Raven's Home,series kids,"Michael Poryes, Susan Sherman",2017-07-21,,https://en.wikipedia.org/wiki/Raven%27s_Home,https://www.imdb.com/title/tt6317070/,7,,
The Suite Life of Zack & Cody,series kids,"Danny Kallis, Jim Geoghan",2005-03-18,2008-09-01,https://en.wikipedia.org/wiki/The_Suite_Life_of_Zack_%26_Cody,https://www.imdb.com/title/tt0426378/,7,,
The Suite Life on Deck,series kids,"Danny Kallis, Jim Geoghan",2008-09-26,2011-05-06,https://en.wikipedia.org/wiki/The_Suite_Life_on_Deck,https://www.imdb.com/title/tt1131743/,7,,
Wizards of Waverly Place,series kids,,2007-10-12,2012-01-06,https://en.wikipedia.org/wiki/Wizards_of_Waverly_Place,https://www.imdb.com/title/tt0799922/,7,,
Good Luck Charlie,series kids,,2010-04-04,2014-02-16,https://en.wikipedia.org/wiki/Good_Luck_Charlie,https://www.imdb.com/title/tt1152086/,7,,
4 O'Clock Club,series kids,,2012-01-04,,https://en.wikipedia.org/wiki/4_O%27Clock_Club,https://www.imdb.com/title/tt1976024/,7,,
"Scooby-doo, Where Are You!",series kids,"Scooby-Doo, Hanna-Barbera",1969-09-13,1970-10-31,"https://en.wikipedia.org/wiki/Scooby-Doo,_Where_Are_You!",https://www.imdb.com/title/tt0063950/,7,,
The New Scooby-Doo Movies,series kids,"Scooby-Doo, Hanna-Barbera",1972-09-09,1974-10-05,https://en.wikipedia.org/wiki/The_New_Scooby-Doo_Movies,https://www.imdb.com/title/tt0063951/,7,,
"What's New, Scooby-Doo?",series kids,Scooby-Doo,2002-09-14,2006-07-21,"https://en.wikipedia.org/wiki/What%27s_New,_Scooby-Doo%3F",https://www.imdb.com/title/tt0306274/,7,,
Come Outside,series kids,,1993-09-26,1997-04-23,https://en.wikipedia.org/wiki/Come_Outside,https://www.imdb.com/title/tt0297500/,3,,
Recess,series kids,,1997-08-31,2001-11-05,https://en.wikipedia.org/wiki/Recess_(TV_series),https://www.imdb.com/title/tt0126176/,3,,
The New Adventures of Winnie the Pooh,series kids,A. A. Milne,1988-01-17,1991-10-26,https://en.wikipedia.org/wiki/The_New_Adventures_of_Winnie_the_Pooh,https://www.imdb.com/title/tt0099371/,3,,
Little Bill,series kids,,1999-11-28,2004-02-06,https://en.wikipedia.org/wiki/Little_Bill_(TV_series),https://www.imdb.com/title/tt0220279/,3,,
Nina and the Neurons,series kids,,2007-02-12,2015-11-20,https://en.wikipedia.org/wiki/Nina_and_the_Neurons,https://www.imdb.com/title/tt0976257/,3,,
The Magic School Bus,series kids,,1994-09-10,1997-12-06,https://en.wikipedia.org/wiki/The_Magic_School_Bus_(TV_series),https://www.imdb.com/title/tt0115218/,3,,
Mister Rogers' Neighborhood,series kids,,1968-02-19,2001-08-31,https://en.wikipedia.org/wiki/Mister_Rogers%27_Neighborhood,https://www.imdb.com/title/tt0063951/,3,,
Numberjacks,series kids,,2006-10-16,2009-05-28,https://en.wikipedia.org/wiki/Numberjacks,https://www.imdb.com/title/tt0936550/,3,,
Octonauts,series kids,,2010-10-04,,https://en.wikipedia.org/wiki/Octonauts,https://www.imdb.com/title/tt1832828/,3,,
Something Special,series kids,,2003-06-09,,https://en.wikipedia.org/wiki/Something_Special_(TV_series),https://www.imdb.com/title/tt0367376/,3,,
The Joy of Painting,series kids,,1983-01-11,1994-05-17,https://en.wikipedia.org/wiki/The_Joy_of_Painting,https://www.imdb.com/title/tt0443463/,3,,
I Can Cook,series kids,,2009-07-28,,https://en.wikipedia.org/wiki/I_Can_Cook,https://www.imdb.com/title/tt1501053/,3,,
"Big Cook, Little Cook",series kids,,2004-08-16,2006-08-29,"https://en.wikipedia.org/wiki/Big_Cook,_Little_Cook",https://www.imdb.com/title/tt0388582/,3,,
Balamory,series kids,Brian Jameson,2002-02-10,2005-09-09,https://en.wikipedia.org/wiki/Balamory,https://www.imdb.com/title/tt0361194/,3,,
Show Me Show Me,series kids,,2009-07-20,2019-12-13,https://en.wikipedia.org/wiki/Show_Me_Show_Me,https://www.imdb.com/title/tt1506195/,3,,
The World of Peter Rabbit and Friends,series kids,Beatrix Potter,1992-12-20,1998-12-25,https://en.wikipedia.org/wiki/The_World_of_Peter_Rabbit_and_Friends,https://www.imdb.com/title/tt0215577/,3,,
Gravity Falls,series kids,,2012-06-15,2016-02-15,https://en.wikipedia.org/wiki/Gravity_Falls,https://www.imdb.com/title/tt1865718/,7,,
We Bare Bears,series kids,,2015-07-27,2019-05-27,https://en.wikipedia.org/wiki/We_Bare_Bears,https://www.imdb.com/title/tt4839610/,7,,
Adventure Time,series kids,,2010-04-05,2018-09-03,https://en.wikipedia.org/wiki/Adventure_Time,https://www.imdb.com/title/tt1305826/,12,,
Looney Tunes Golden Collection,series kids,,,,https://en.wikipedia.org/wiki/Looney_Tunes_Golden_Collection,https://www.imdb.com/title/tt0318151/,,,
The Jetsons,series kids,Hanna-Barbera,,,https://en.wikipedia.org/wiki/The_Jetsons,https://www.imdb.com/title/tt0055683/,,,
Teenage Mutant Ninja Turtles,series kids,,1987-12-14,1996-11-02,https://en.wikipedia.org/wiki/Teenage_Mutant_Ninja_Turtles_(1987_TV_series),https://www.imdb.com/title/tt0131613/,7,,
Me Too!,series kids,Brian Jameson,2006-09-04,2008-03-28,https://en.wikipedia.org/wiki/Me_Too!_(British_TV_series),https://www.imdb.com/title/tt1072965/,,,
jungle run,series kids,,,,,,,,
grizzly tales for gruesome kids,series kids,,,,,,,,
horrid henry,series kids,,,,,,,,
spiderman the animated series 1994,series kids,,,,,,,,
batman the animated series,series kids,,,,,,,,
the new batman adventures,series kids,,,,,,,,
batman beyond,series kids,,,,,,,,
brum,series kids,,,,,,,,
total drama island,series kids,,,,,,,,
johnny bravo,series kids,,,,,,,,
tinga tinga tales,series kids,,,,,,,,
rugrats,series kids,,,,,,,,
ducktales,series kids,,,,,,,,
kick buttowski suburban daredevil,series kids,,,,,,,,
the loud house,series kids,,,,,,,,
courage the cowardly dog,series kids,,,,,,,,
backyardigans,series kids,,,,,,,,
avatar the last airbender,series kids,,,,,,,,
the legend of korra,series kids,,,,,,,,
madeline ,series kids,,,,,,,,
Kureyon shinchan,series kids,,,,,,,,
doraemon,series kids,,,,,,,,
sailor moon,series kids,,,,,,,,
dexters laboratory,series kids,,,,,,,,
The powerpuff girls,series kids,,,,,,,,
Samurai Jack,series kids,,,,,,,,
smurfs,series kids,,1981,,,,,,
felix the cat,series kids,,old cartoons from 1919,,,,,old cartoons from 1919,
the pink panther show,series kids,,1969-1980 many different names between the years,,,,,1969-1980 many different names between the years,
popeye the sailor,series kids,,,,,,,,
the flintstones,series kids,,,,,,,,
the muppet show,series kids,,,,,,,,
thomas and friends,series kids,,,,,,,,
postman pat,series kids,,,,,,,,
lazy town,series kids,,,,,,,,
mickey mouse,series kids,,2013,,,,,,
the wonderful world of mickey mouse,series kids,,2020,,,,,,
bernard’s watch,series kids,,,,,,,,
trapped cbbc,series kids,,,,,,,,
mr men,series kids,,1974,,,,,,
little miss,series kids,,1983,,,,,,
mr men and little miss,series kids,,1995,,,,,,
the mr men show,series kids,,1997,,,,,,
Squid Game,series kdrama,,2021-09-17,, https://en.wikipedia.org/wiki/Squid_Game, https://www.imdb.com/title/tt10919420/,18,,
Guardian: The Lonely and Great God,series kdrama,,2016-12-02,2017-01-21, https://en.wikipedia.org/wiki/Goblin_(TV_series), https://www.imdb.com/title/tt5994364/,14,,
Sky Castle,series kdrama,,2018-11-23,2019-02-01, https://en.wikipedia.org/wiki/Sky_Castle, https://www.imdb.com/title/tt8594386/,15,,
Crash Landing on You,series kdrama,,2019-12-14,2020-02-16, https://en.wikipedia.org/wiki/Crash_Landing_on_You, https://www.imdb.com/title/tt10850932/,15,,
Road Wars,series documentary,,2003-06-06,2010-12-13, https://en.wikipedia.org/wiki/Road_Wars_(UK_TV_series), https://www.imdb.com/title/tt0384680/,16,,
MythBusters,series documentary,,2003-01-23,2018-03-06, https://en.wikipedia.org/wiki/MythBusters, https://www.imdb.com/title/tt0383126/,8,,
How Stuff Works,series documentary,,,,https://en.wikipedia.org/wiki/How_Stuff_Works,https://www.imdb.com/title/tt1477134/,,,
How It's Made,series documentary,,,,https://en.wikipedia.org/wiki/How_It%27s_Made,https://www.imdb.com/title/tt0830896/,,,
Snackmasters,series documentary,,,,https://en.wikipedia.org/wiki/Snackmasters,https://www.imdb.com/title/tt10972056/,,,
Last Week Tonight,series documentary,,2014-04-27,,https://en.wikipedia.org/wiki/Last_Week_Tonight_with_John_Oliver,https://www.imdb.com/title/tt3530232/,18,,
Can't Get You Out of My Head,series documentary,Adam Curtis ,2021-02-11,2021-02-17,https://en.wikipedia.org/wiki/Can%27t_Get_You_Out_of_My_Head_(TV_series),https://www.imdb.com/title/tt13309644/,,,
Adam Curtis: Russia 1985-1999: TraumaZone,series documentary,Adam Curtis ,2022-01-20,2022-01-20,https://en.wikipedia.org/wiki/Adam_Curtis,https://www.imdb.com/title/tt13518610/,,,
Patriot Act with Hasan Minhaj,series documentary,Hasan Minhaj,2018-10-28,2019-06-28,https://en.wikipedia.org/wiki/Patriot_Act_with_Hasan_Minhaj,https://www.imdb.com/title/tt8080054/,,,
Louis Theroux's Weird Weekends,series documentary,Louis Theroux,1998-03-15,2000-04-30,https://en.wikipedia.org/wiki/Louis_Theroux%27s_Weird_Weekends,https://www.imdb.com/title/tt0367279/,,,
Louis Theroux's BBC Two Specials,series documentary,Louis Theroux,2003-05-04,2016-12-18,https://en.wikipedia.org/wiki/Louis_Theroux,https://www.imdb.com/title/tt0199248/,,,
Life on Earth,series documentary,David Attenborough,1979-01-16,1979-03-06,https://en.wikipedia.org/wiki/Life_on_Earth_(TV_series),https://www.imdb.com/title/tt0075489/,,,
Planet Earth,series documentary,David Attenborough,2006-03-05,2006-04-09,https://en.wikipedia.org/wiki/Planet_Earth_(2006_TV_series),https://www.imdb.com/title/tt0795176/,,,
Our Planet,series documentary,David Attenborough,2019-04-05,2019-04-05,https://en.wikipedia.org/wiki/Our_Planet,https://www.imdb.com/title/tt9253866/,,,
Blue Planet,series documentary,David Attenborough,2001-09-12,2001-10-31,https://en.wikipedia.org/wiki/The_Blue_Planet,https://www.imdb.com/title/tt0296310/,,,
Frozen Planet,series documentary,David Attenborough,2011-10-26,2011-12-07,https://en.wikipedia.org/wiki/Frozen_Planet,https://www.imdb.com/title/tt2092588/,,,
Human Planet,series documentary,David Attenborough,2011-01-13,2011-02-03,https://en.wikipedia.org/wiki/Human_Planet,https://www.imdb.com/title/tt1625353/,,,
Cosmos: Possible Worlds,series documentary,Cosmos,2020-03-09,2020-05-25,https://en.wikipedia.org/wiki/Cosmos:_Possible_Worlds,https://www.imdb.com/title/tt4477292/,,,
Cosmos: A Spacetime Odyssey,series documentary,Cosmos,2014-03-09,2014-06-08,https://en.wikipedia.org/wiki/Cosmos:_A_Spacetime_Odyssey,https://www.imdb.com/title/tt2395695/,,,
Cosmos: A Personal Voyage,series documentary,Cosmos,1980-09-28,1980-12-21,https://en.wikipedia.org/wiki/Cosmos:_A_Personal_Voyage,https://www.imdb.com/title/tt0081846/,,,
Ways of Seeing,series documentary,,1972-01-08,1972-01-22,https://en.wikipedia.org/wiki/Ways_of_Seeing,https://www.imdb.com/title/tt0315077/,,,
It's Always Sunny in Philadelphia,series comedy,,2005-08-04,, https://en.wikipedia.org/wiki/It%27s_Always_Sunny_in_Philadelphia, https://www.imdb.com/title/tt0472954/,15,,
The Office,series comedy,,2005-03-24,2013-05-16, https://en.wikipedia.org/wiki/The_Office_(American_TV_series), https://www.imdb.com/title/tt0386676/,12,,
Late Night with Conan O'Brien,series comedy,Conan O'Brien,1993-09-13,2009-02-20, https://en.wikipedia.org/wiki/Late_Night_with_Conan_O%27Brien, https://www.imdb.com/title/tt0106053/,12,,
The Tonight Show with Conan O'Brien,series comedy,Conan O'Brien,2009-06-01,2010-01-22, https://en.wikipedia.org/wiki/The_Tonight_Show_with_Conan_O%27Brien, https://www.imdb.com/title/tt1013593/,14,,
Conan,series comedy,Conan O'Brien,2010-11-08,, https://en.wikipedia.org/wiki/Conan_(talk_show), https://www.imdb.com/title/tt1637574/,14,Conan on TBS,
Seinfeld,series comedy,Larry David,1989-07-05,1998-05-14, https://en.wikipedia.org/wiki/Seinfeld, https://www.imdb.com/title/tt0098904/,12,,
King of the Hill,series comedy,,1997-01-12,2010-05-06, https://en.wikipedia.org/wiki/King_of_the_Hill, https://www.imdb.com/title/tt0118375/,14,,
Beavis and Butt-Head,series comedy,,1993-03-08,2011-11-28, https://en.wikipedia.org/wiki/Beavis_and_Butt-Head, https://www.imdb.com/title/tt0105950/,12,,
Friends,series comedy,,1994-09-22,2004-05-06, https://en.wikipedia.org/wiki/Friends, https://www.imdb.com/title/tt0108778/,12,,
The Big Bang Theory,series comedy,,2007-09-24,2019-05-16, https://en.wikipedia.org/wiki/The_Big_Bang_Theory, https://www.imdb.com/title/tt0898266/,12,,
The Fresh Prince of Bel-Air,series comedy,,1990-09-10,1996-05-20, https://en.wikipedia.org/wiki/The_Fresh_Prince_of_Bel-Air, https://www.imdb.com/title/tt0098800/,12,,
Mr. Bean,series comedy,,1990-01-01,1995-12-15, https://en.wikipedia.org/wiki/Mr._Bean, https://www.imdb.com/title/tt0096657/,4,,
The Inbetweeners,series comedy,,2008-05-01,2010-10-18, https://en.wikipedia.org/wiki/The_Inbetweeners, https://www.imdb.com/title/tt1220617/,18,,
Peep Show,series comedy,,2003-09-19,2015-12-16, https://en.wikipedia.org/wiki/Peep_Show_(TV_series), https://www.imdb.com/title/tt0387764/,18,,
Impractical Jokers,series comedy,,2011-12-15,, https://en.wikipedia.org/wiki/Impractical_Jokers, https://www.imdb.com/title/tt2100976/,15,,
The Eric Andre Show,series comedy,,2012-05-20,, https://en.wikipedia.org/wiki/The_Eric_Andre_Show, https://www.imdb.com/title/tt2130277/,18,,
2 Broke Girls,series comedy,,2011-09-19,2017-04-17, https://en.wikipedia.org/wiki/2_Broke_Girls, https://www.imdb.com/title/tt1845307/,12,,
Saturday Night Live,series comedy,,1975-10-11,, https://en.wikipedia.org/wiki/Saturday_Night_Live, https://www.imdb.com/title/tt0072562/,12,,
Fonejacker,series comedy,,2006-05-05,2008-09-05, https://en.wikipedia.org/wiki/Fonejacker, https://www.imdb.com/title/tt0845722/,15,,
The Simpsons,series comedy,,1989-12-17,, https://en.wikipedia.org/wiki/The_Simpsons, https://www.imdb.com/title/tt0096697/,12,,
Curb Your Enthusiasm,series comedy,Larry David,2000-10-15,, https://en.wikipedia.org/wiki/Curb_Your_Enthusiasm, https://www.imdb.com/title/tt0264235/,15,,
Da Ali G Show,series comedy,Sacha Baron Cohen,2000-03-22,2004-08-22, https://en.wikipedia.org/wiki/Da_Ali_G_Show, https://www.imdb.com/title/tt0282542/,18,Also see ali g on the 11 oclock show where he plays voice of the youth,
Ali G in da House,film comedy,Sacha Baron Cohen,2002-03-22,, https://en.wikipedia.org/wiki/Ali_G_Indahouse, https://www.imdb.com/title/tt0284837/,15,,
The Ricky Gervais Show (XFM),series comedy,Ricky Gervais,2001-08-28,2005-09-02, https://en.wikipedia.org/wiki/The_Ricky_Gervais_Show_(radio_series), https://www.imdb.com/title/tt0434706/,16,,
Tom and Jerry,series comedy,Hanna-Barbera,1940-02-10,2021-05-18, https://en.wikipedia.org/wiki/Tom_and_Jerry, https://www.imdb.com/title/tt0033563/,4,,
Community,series comedy,Dan Harmon,2009-09-17,2015-06-02, https://en.wikipedia.org/wiki/Community_(TV_series), https://www.imdb.com/title/tt1439629/,15,,
Mind Your Language,series comedy,,,,https://en.wikipedia.org/wiki/Mind_Your_Language,https://www.imdb.com/title/tt0077053/,,,
Little Britain,series comedy,,2003-09-16,2005-12-28,https://en.wikipedia.org/wiki/Little_Britain,https://www.imdb.com/title/tt0358856/,15,,
rick and morty,series comedy,,,,,,,,
chappelles show,series comedy,,,,,,,,
blackadder,series comedy,,,,,,,,
fawlty towers,series comedy,,,,,,,,
only fools and horses,series comedy,,,,,,,,
monty pythons flying circus,series comedy,Monty Python,,,,,,,
goodness gracious me,series comedy,,,,,,,,
the three stooges,series comedy,,,,,,,,
fresh of the boat,series comedy,,,,,,,,
Black-ish,series comedy,,,,,,,,
takeshis castle,series comedy,,,,,,,,
modern family,series comedy,,,,,,,,
the goldbergs,series comedy,,,,,,,,
Code Geass,series anime,,2006-10-05,2008-07-28,https://en.wikipedia.org/wiki/Code_Geass,https://www.imdb.com/title/tt0994314/,15,,
Monster,series anime,,2004-04-06,2005-09-27,https://en.wikipedia.org/wiki/Monster_(manga),https://www.imdb.com/title/tt0434706/,18,,
Dragon Ball,series anime,Dragon Ball,1986-02-26,1989-04-19,https://en.wikipedia.org/wiki/Dragon_Ball,https://www.imdb.com/title/tt0280249/,12,,
Dragon Ball Z Kai,series anime,Dragon Ball,2009-04-05,2015-06-28,https://en.wikipedia.org/wiki/Dragon_Ball_Z_Kai,https://www.imdb.com/title/tt1595859/,12,,
Dragon Ball GT,series anime,Dragon Ball,1996-02-07,1997-11-19,https://en.wikipedia.org/wiki/Dragon_Ball_GT,https://www.imdb.com/title/tt0214341/,12,,
Dragon Ball Super,series anime,Dragon Ball,2015-07-05,2018-03-25,https://en.wikipedia.org/wiki/Dragon_Ball_Super,https://www.imdb.com/title/tt4644488/,12,,
Yu-Gi-Oh! Season 0,series anime,Yu-Gi-Oh!,1998-04-04,1998-10-10,https://en.wikipedia.org/wiki/Yu-Gi-Oh!_(1998_TV_series),https://www.imdb.com/title/tt0233773/,12,,
Yu-Gi-Oh! Duel Monsters,series anime,Yu-Gi-Oh!,2000-04-18,2004-09-29,https://en.wikipedia.org/wiki/Yu-Gi-Oh!,https://www.imdb.com/title/tt0256915/,7,,
Yu-Gi-Oh! GX,series anime,Yu-Gi-Oh!,2004-10-06,2008-03-26,https://en.wikipedia.org/wiki/Yu-Gi-Oh!_GX,https://www.imdb.com/title/tt0791205/,7,,
Yu-Gi-Oh! 5D's,series anime,Yu-Gi-Oh!,2008-04-02,2011-03-30,https://en.wikipedia.org/wiki/Yu-Gi-Oh!_5D%27s,https://www.imdb.com/title/tt1178596/,7,,
Pokemon: The Series,series anime,Pokemon,1997-04-01,,https://en.wikipedia.org/wiki/Pok%C3%A9mon_(TV_series), https://www.imdb.com/title/tt0168366/,7,,
The Promised Neverland,series anime,,2019-01-11,2019-03-29, https://en.wikipedia.org/wiki/The_Promised_Neverland_(TV_series), https://www.imdb.com/title/tt8049594/,15,,
Death Note,series anime,,2006-10-03,2007-06-27, https://en.wikipedia.org/wiki/Death_Note_(TV_series), https://www.imdb.com/title/tt0877057/,15,,
Fullmetal Alchemist: Brotherhood,series anime,,2009-04-05,2010-07-04, https://en.wikipedia.org/wiki/Fullmetal_Alchemist:_Brotherhood, https://www.imdb.com/title/tt1355642/,15,,
One Piece,series anime,,1999-10-20,, https://en.wikipedia.org/wiki/One_Piece, https://www.imdb.com/title/tt0388629/,12,,
Naruto,series anime,,2002-10-03,2007-02-08,https://en.wikipedia.org/wiki/Naruto,https://www.imdb.com/title/tt0409591/,12,,
Cowboy Bebop,series anime,,1998-10-24,1999-04-24,https://en.wikipedia.org/wiki/Cowboy_Bebop,https://www.imdb.com/title/tt0213338/,15,,
attack on titan,series anime,,,,,,,,
neon genesis evangelion,series anime,,,,,,,,
Fargo,series,,2014-04-15,1996-04-05,https://en.wikipedia.org/wiki/Fargo_(TV_series),https://www.imdb.com/title/tt2802850/,18,,
Twin Peaks,series,,1990-04-08,2017-09-03,https://en.wikipedia.org/wiki/Twin_Peaks,https://www.imdb.com/title/tt0098936/,15,,
Game of Thrones,series,George R. R. Martin,2011-04-17,2019-05-19,https://en.wikipedia.org/wiki/Game_of_Thrones,https://www.imdb.com/title/tt0944947/,18,,
House of the Dragon,series,George R. R. Martin,2022-08-21,,https://en.wikipedia.org/wiki/House_of_the_Dragon_(TV_series),https://www.imdb.com/title/tt11161364/,18,,
Peaky Blinders,series,,2013-09-12,2022-06-05,https://en.wikipedia.org/wiki/Peaky_Blinders_(TV_series),https://www.imdb.com/title/tt2442560/,15,,
The Boys,series,,2019-07-26,,https://en.wikipedia.org/wiki/The_Boys_(2019_TV_series),https://www.imdb.com/title/tt1190634/,18,,
Vikings,series,,2013-03-03,2020-12-30,https://en.wikipedia.org/wiki/Vikings_(2013_TV_series),https://www.imdb.com/title/tt2306299/,18,don’t bother with valhala,
The Last of US,series,The Last of US,2023-09-15,,https://en.wikipedia.org/wiki/The_Last_of_Us_(TV_series),https://www.imdb.com/title/tt2235759/,18,,
Never Have I Ever,series,Mindy Kaling,2020-04-27,,https://en.wikipedia.org/wiki/Never_Have_I_Ever_(TV_series),https://www.imdb.com/title/tt10062292/,15,,
Stranger Things,series,The Duffer Brothers,2016-07-15,,https://en.wikipedia.org/wiki/Stranger_Things,https://www.imdb.com/title/tt4574334/,15,,
La Casa de Papel,series,,2017-05-02,2021-12-03,https://en.wikipedia.org/wiki/Money_Heist,https://www.imdb.com/title/tt6468322/,18,"Spanish, English title is Money Heist",
Chernobyl,series,,2019-05-06,2019-06-03,https://en.wikipedia.org/wiki/Chernobyl_(miniseries),https://www.imdb.com/title/tt7366338/,15,,
Breaking Bad,series,Vince Gilligan,2008-01-20,2013-09-29,https://en.wikipedia.org/wiki/Breaking_Bad,https://www.imdb.com/title/tt0903747/,18,,
Better Call Saul,series,Vince Gilligan,2015-02-08,,https://en.wikipedia.org/wiki/Better_Call_Saul,https://www.imdb.com/title/tt3032476/,15,,
4 Blocks,series,,2017-05-08,2019-07-09,https://en.wikipedia.org/wiki/4_Blocks_(TV_series),https://www.imdb.com/title/tt4374208/,18,,
Doctor Who,series,Doctor Who,1963-11-23,,https://en.wikipedia.org/wiki/Doctor_Who,https://www.imdb.com/title/tt0436992/,7,,
WWE,series,,1952-01-11,,https://en.wikipedia.org/wiki/WWE,https://www.imdb.com/find?q=wwe&s=tt,12,,
House MD,series,,2004-11-16,2012-05-21,https://en.wikipedia.org/wiki/House_(TV_series),https://www.imdb.com/title/tt0412142/,15,,
WandaVision,series,Marvel,2021-01-15,2021-03-05,https://en.wikipedia.org/wiki/WandaVision,https://www.imdb.com/title/tt9140560/,12,,
The Falcon and the Winter Soldier,series,Marvel,2021-03-19,2021-04-23,https://en.wikipedia.org/wiki/The_Falcon_and_the_Winter_Soldier,https://www.imdb.com/title/tt9208876/,12,,
Loki,series,Marvel,2021-06-09,,https://en.wikipedia.org/wiki/Loki_(TV_series),https://www.imdb.com/title/tt9140554/,12,,
What If...?,series,Marvel,2021-08-11,,https://en.wikipedia.org/wiki/What_If...%3F_(TV_series),https://www.imdb.com/title/tt10168312/,12,,
Hawkeye,series,Marvel,2021-11-24,2021-12-22,https://en.wikipedia.org/wiki/Hawkeye_(2021_TV_series),https://www.imdb.com/title/tt10168312/,12,,
Moon Knight,series,Marvel,2022-03-30,,https://en.wikipedia.org/wiki/Moon_Knight_(TV_series),https://www.imdb.com/title/tt10168312/,12,,
Ms. Marvel,series,Marvel,2022-06-08,,https://en.wikipedia.org/wiki/Ms._Marvel_(TV_series),https://www.imdb.com/title/tt10168312/,12,,
The Great British Bake Off,series,,,,https://en.wikipedia.org/wiki/The_Great_British_Bake_Off,https://www.imdb.com/title/tt1877368/,,,
MasterChef,series,,,,https://en.wikipedia.org/wiki/MasterChef_(UK_TV_series),https://www.imdb.com/title/tt0983946/,,,
Trade Your Way to the USA,series,,2011-02-14,2013-04-26,https://en.wikipedia.org/wiki/Trade_Your_Way_to_the_USA,,,,
Dragons' Den,series,,,,https://en.wikipedia.org/wiki/Dragons%27_Den_(British_TV_programme),https://www.imdb.com/title/tt0407362/,,,
Dark,series,,2017-12-01,2020-06-27,https://en.wikipedia.org/wiki/Dark_(TV_series),https://www.imdb.com/title/tt5753856/,18,,
black mirror,series,,,,,,,,
band of brothers,series,,,,,,,,
atlanta,series,,,,,,,,
the sopranos,series,,,,,,,,
the wire,series,,,,,,,,
true detective,series,,,,,,,Season 1 only,
the crown,series,,,,,,,,
narcos,series,,,,,,,,
sherlock,series,,,,,,,,
mahabharat,series,BR Chopra,,,,,,,
the twilight zone,series,,1959,,,,,,
endless,music,Frank Ocean,,,,,,,
blonde,music,Frank Ocean,,,,,,,
channel orange,music,Frank Ocean,,,,,,,
nostalgia Ultra,music,Frank Ocean,,,,,,,
dawn fm,music,The Weeknd,,,,,,,
after hours,music,The Weeknd,,,,,,,
starboy,music,The Weeknd,,,,,,M A N I A,
beauty behind the madness,music,The Weeknd,,,,,,,
kissland,music,The Weeknd,,,,,,,
echoes of silence,music,The Weeknd,,,,,,,
thursday,music,The Weeknd,,,,,,,
house of balloons,music,The Weeknd,,,,,,,
king of the fall,music,The Weeknd,,,,,,enemy,
new blue sun,music,Andre 3000,,,,,,,
days before rodeo,music,Travis Scott,,,,,,a man seranade yeah yeah,
rodeo,music,Travis Scott,,,,,,,
birds in the trap sing McKnight,music,Travis Scott,,,,,,see music video film Birds in the Trap on youtube,
astroworld,music,Travis Scott,,,,,,,
utopia,music,Travis Scott,,,,,,Circus Maximus film https://en.wikipedia.org/wiki/Circus_Maximus_(film),
JACKBOYS,music,Travis Scott,,,,,,,
highest in the room,music,Travis Scott,,,,,,,
the scotts,music,"Travis Scott, Kid Cudi",,,,,,,
franchise,music,Travis Scott,,,,,,,
escape plan,music,Travis Scott,,,,,,,
mafia,music,Travis Scott,,,,,,,
a college dropout,music,Kanye West,,,,,,,
late registration,music,Kanye West,,,,,,,
graduation,music,Kanye West,,,,,,,
808s and heartbreak,music,Kanye West,,,,,,,
My beautiful dark twisted fantasy,music,Kanye West,,,,,,,
yeezus,music,Kanye West,,,,,,,
life of pablo,music,Kanye West,,,,,,,
ye,music,Kanye West,,,,,,,
kids see ghosts,music,Kanye West,,,,,,,
jesus is king,music,Kanye West,,,,,,,
donda,music,Kanye West,,,,,,,
donda 2,music,Kanye West,,,,,,,
Vultures 1,music,Kanye West,,,,,,,
Only One,music,Kanye West,,,,,,,
FourFiveSeconds,music,Kanye West,,,,,,,
All Day,music,Kanye West,,,,,,,
Lift Yourself,music,Kanye West,,,,,,,
XTCY,music,Kanye West,,,,,,,
Wash Us in the Blood,music,Kanye West,,,,,,,
playboi carti self titled,music,Playboi Carti,,,,,,,
die lit,music,Playboi Carti,,,,,,cancun pissy pamper,
whole lotta red,music,Playboi Carti,,,,,,,
call me if you get lost,music,"Tyler, The Creator",,,,,,estate sale included scrapped songs,
igor,music,"Tyler, The Creator",,,,,,,
flower boy,music,"Tyler, The Creator",,,,,,,
cherry bomb,music,"Tyler, The Creator",,,,,,,
wolf,music,"Tyler, The Creator",,,,,,,
goblin,music,"Tyler, The Creator",,,,,,,
baby keem die for my bitch,music,Baby Keem,,,,,,,
baby keem the melodic blue,music,Baby Keem,,,,,,,
Kendrick lamar section 80,music,Kendrick Lamar,,,,,,,
Kendrick Lamar good kid mad city,music,Kendrick Lamar,,,,,,,
Kendrick lamar to pimp a butterfly,music,Kendrick Lamar,,,,,,,
Kendrick lamar damn.,music,Kendrick Lamar,,,,,,,
Kendrick lamar mr morale and the big steppers,music,Kendrick Lamar,,,,,,,
the hillbillies,music,"kendrick lamar, baby keem",,,,,,,
skepta ignorance is bliss,music,skepta,,,,,,,
skepta konichiwa,music,skepta,,,,,,,
Skepta all in,music,skepta,,,,,,,
insomnia,music,skepta chip young adz ,,,,,,,
jme grime mc,music,jme,,,,,,,
jme integrity>,music,jme,,,,,,,
jpegmafia danny brown scaring the hoes,music,"jpegmafia, danny brown",,,,,,,
clipse lord willin',music,"clipse, pusha t, no malice",,,,,,,
pusha t my name is my name,music,pusha t,,,,,,,
pusha t king push - darkest before the dawn: the prelude,music,pusha t,,,,,,,
daytona,music,pusha t,,,,,,,
its almost dry,music,pusha t,,,,,,,
don toliver heaven and hell,music,don toliver,,,,,,,
don toliver life of a don,music,don toliver,,,,,,,
don toliver love sick,music,don toliver,,,,,,,
21 savage metro boomin offset without warning,music,"21 savage, metro boomin, offset",,,,,,,
21 savage metro boomin savage mode,music,"22 savage, metro boomin",,,,,,,
21 savage metro boomin savage mode ii,music,"23 savage, metro boomin",,,,,,,
21 savage drake her loss,music,"24 savage, drake",,,,,,,
metro boomin heroes and villains,music,metro boomin,,,,,,,
metro boomin not all heros wear capes,music,metro boomin,,,,,,,
migos culture,music,migos,,,,,,,
kiwanuka,music,michael kiwanuka 2019,,,,,,,
superm superm 2019,music,superM,,,,,,,
superm super one,music,superM,,,,,,,
exo obsession,music,exo,,,,,,,
exo dont mess up my tempo,music,exo,,,,,,,
exo the war,music,exo,,,,,,,
exo ex'act,music,exo,,,,,,,
exo exodus,music,exo,,,,,,,
twice feel special,music,twice,,,,,,,
twice fancy you,music,twice,,,,,,,
itzy it'z different,music,itzy,,,,,,,
itzy it'z icy,music,itzy,,,,,,,
itzy not shy,music,itzy,,,,,,,
bts persona: map of the soul,music,bts,,,,,,,
bts persona: 7,music,bts,,,,,,,
bts proof,music,bts,,,,,,,
testing,music,asap rocky,,,,,,,
live.love.a$ap,music,asap rocky,,,,,,,
ds2 future,music,future,,,,,,,
the land is inhospitable and so are we,music,mitski,,,,,,recommended by alan,
the last of us game,game,,,,,,,,
the last of us 2,game,,,,,,,,
baldurs gate 3,game,,,,,,,dont need first 2 ,
payday 2,game,,,,,,,don’t want the 3rd,
god of war 2005,game,God of War,,,,,,contained in god of war Saga,
god of war chains of olympus,game,God of War,,,,,,contained in god of war Saga,
god of war ii ,game,God of War,,,,,,contained in god of war Saga,
god of war ghost of sparta,game,God of War,,,,,,contained in god of war Saga,
god of war iii ,game,God of War,,,,,,contained in god of war Saga but maybe god of war iii remastered is better than the standard one that comes in the saga collection,
god of war ascension ,game,God of War,,,,,,,
god of war 2018 ,game,God of War,,,,,,,
god of war ragnarok 2022 ,game,God of War,,,,,,,
doom 1993 ,game,,,,,,,Doom 3 BFG Edition contains remaster with DLC,
doom ii: hell on earth ,game,,,,,,,Doom 3 BFG Edition contains remaster with DLC,
doom 3: BFG edition ,game,,,,,,,Doom 3 BFG Edition contains remaster with DLC,
doom 2016,game,,,,,,,2016,
doom eternal,game,,,,,,,,
tomb raider 2013 ,game,,,,,,,,
rise of the tomb raider ,game,,,,,,,,
shadow of the tomb raider ,game,,,,,,,,
undertale,game,,,,,,,,
Mother 1989,game,,,,,,,or earthbound beginnings,
Mother 2,game,,,,,,,or earthbound ,
Mother 3,game,,,,,,,jpn only,
the forest,game,,,,,,,,
sons of the forest,game,,,,,,,,
portal,game,,,,,,,contained with dlc still alive DLC in Portal Companion Collection,
portal 2,game,,,,,,,contained in Portal Companion Collection,
half life,game,,,,,,,see the black mesa unofficial remake,
half life 2,game,,,,,,,,
half life 2: episode 1,game,,,,,,,,
half life 2: episode 2,game,,,,,,,,
outer wilds,game,,,,,,,,
spec ops the line,game,,,,,,,,
kingdom come deliverance,game,,,,,,,,
metro: 2033,game,,,,,,,available in metro redux bundle,
metro: last light,game,,,,,,,available in metro redux bundle,
Metro: exodus,game,,,,,,,,
Mafia: definitive edition,game,,,,,,,,
elder scrolls oblivion,game,,,,,,,4th in the series,
elder scrolls skyrim,game,,,,,,,5th in the series,
nier automata,game,,,,,,,,
mass effect 2007,game,,,,,,,remaster in mass effect legendary edition,
mass effect 2,game,,,,,,,remaster in mass effect legendary edition,
mass effect 3,game,,,,,,,remaster in mass effect legendary edition,
dragon ball fighterz,game,,,,,,,,
mortal kombat 2011,game,,,,,,,,
street fighter 3rd strike,game,,,,,,,,
smackdown here comes the pain,game,,,,,,,,
smackdown vs raw 2006,game,,,,,,,,
Wwe 13,game,,,,,,,,
wwe 2k14,game,,,,,,,,
wwe 2k19,game,,,,,,,,
dead space,game,,,,,,,2023 remake,
dead space 2,game,,,,,,,,
limbo,game,,,,,,,,
monument valley,game,,,,,,,,
monument valley 2,game,,,,,,,,
uncharted drakes fortune,game,,,,,,,remaster in uncharted the nathan drake collection,
uncharted 2 among theives,game,,,,,,,remaster in uncharted the nathan drake collection,
uncharted 3 drakes deception,game,,,,,,,remaster in uncharted the nathan drake collection,
uncharted 4 a theif's end,game,,,,,,,legacy of theives collection contains dlc lost legacy,
Marvel’s Spiderman remastered,game,,,,,,,contains dlc,
Marvel’s Spiderman: Miles Morales 2020,game,,,,,,,,
Marvel’s Spiderman 2,game,,,,,,,,
dishonored,game,,,,,,,,
dishonored 2,game,,,,,,,,
dishonored death of the outsider,game,,,,,,,,
bioshock 2007,game,,,,,,,BioShock: The Collection,
bioshock 2,game,,,,,,,bioshock the collection,
bioshock infinite,game,,,,,,,bioshock the collection,
resident evil 2 2019,game,,,,,,,,
resident evil 4 remake,game,,,,,,,,
resident evil 7 biohazard,game,,,,,,,,
resident evil village,game,,,,,,,,
elden ring,game,,,,,,,,
ghost of tsushima,game,,,,,,,,
Yakuza 0,game,,,,,,,,
Yakuza kiwami,game,,,,,,,,
Yakuza kiwami 2,game,,,,,,,,
Yakuza 3,game,,,,,,,Remaster in Yakuza Remastered Collection,
Yakuza 4,game,,,,,,,Remaster in Yakuza Remastered Collection,
Yakuza 5,game,,,,,,,Remaster in Yakuza Remastered Collection,
Yakuza 6,game,,,,,,,,
Judgement,game,,,,,,,,
Yakuza Like a Dragon,game,,,,,,,,
Yakuza Like a Dragon Gaiden,game,,,,,,,,
Lost Judgement,game,,,,,,,,
Yakuza Like a Dragon Infinite Wealth,game,,,,,,,,
it takes two,game,,,,,,,,
max payne 2001,game,,,,,,,,
max payne 2,game,,,,,,,,
max payne 3,game,,,,,,,,
Final Fantasy 1,game,,,,,,,Contained in Final Fantasy Pixel Remaster,
Final Fantasy 2,game,,,,,,,Contained in Final Fantasy Pixel Remaster,
Final Fantasy 3,game,,,,,,,Contained in Final Fantasy Pixel Remaster,
Final Fantasy 4,game,,,,,,,Contained in Final Fantasy Pixel Remaster,
Final Fantasy 5,game,,,,,,,Contained in Final Fantasy Pixel Remaster,
Final Fantasy 6,game,,,,,,,Contained in Final Fantasy Pixel Remaster,
Final Fantasy 7 remake,game,,,,,,,,
Life is Strange 1,game,,,,,,,available in remastered or arcadia bay collection,
Life is Strange Before the Storm,game,,,,,,,available in remastered or arcadia bay collection,
Life is Strange 2,game,,,,,,,,
batman the telltale series,game,,,,,,,in bundle called shadows edition,
batman the enemy within,game,,,,,,,in bundle called shadows edition,
Hitman 1 2016,game,,,,,,,,
Hitman 2 2018,game,,,,,,,,
Hitman 3 2021,game,,,,,,,hitman trilogy digital only collection of this world of assassination trilogy available with all dlc,
angry birds,game,,,,,,,,
hill climb racing,game,,,,,,,,
fruit ninja,game,,,,,,,,
jetpack joyride,game,,,,,,,,
subway surfers,game,,,,,,,,
candy crush saga,game,,,,,,,,
doodle jump,game,,,,,,,,
Fallout 2,game,,,,,,,,
fallout 3,game,,,,,,,,
fallout new vegas,game,,,,,,,,
fallout 4,game,,,,,,,,
fallout 76,game,,,,,,,,
worms wmd,game,,,,,,,,
kirby super star ultra,game,,,,,,,,
pheonix wright ace attorney ,game,,,,,,,Contained in Pheonix Wright: Ace Attorney Trilogy,
pheonix wright ace attorney Justice for All,game,,,,,,,Contained in Pheonix Wright: Ace Attorney Trilogy,
pheonix wright ace attorney Trials and Tribulations,game,,,,,,,Contained in Pheonix Wright: Ace Attorney Trilogy,
Apollo Justice ace attorney ,game,,,,,,,Contained in Apollo Justice: Ace Attorney Trilogy,
pheonix wright ace attorney Dual Destinies,game,,,,,,,Contained in Apollo Justice: Ace Attorney Trilogy,
pheonix wright ace attorney Spirit of Justice,game,,,,,,,Contained in Apollo Justice: Ace Attorney Trilogy,
pikmin,game,,,,,,,Pikmin 1+2 bundle for switch,
Pikmin 2,game,,,,,,,Pikmin 1+2 bundle for switch,
pikmin 3,game,,,,,,,there is a deluxe version,
pikmin 4,game,,,,,,,,
my sims,game,,,,,,,,
my sims agents,game,,,,,,,,
my sims kingdom,game,,,,,,,,
animal crossing new leaf,game,,,,,,,,
animal crossing new horizons,game,,,,,,,,
pokemon firered and leaf green,game,,,,,,,try rom hack FRLG+,
pokemon ruby sapphire emerald,game,,,,,,,,
pokemon diamond pearl platinum,game,,,,,,,,
pokemon heartgold soulsilver,game,,,,,,,,
pokemon black white,game,,,,,,,,
pokemon black 2 white 2,game,,,,,,,,
pokemon mystery dungeon red blue rescue team,game,,,,,,,,
pokemon mystery dungeon explorers of time darkness sky,game,,,,,,,,
pokemon mystery dungeon rescue team dx,game,,,,,,,,
pokemon ranger,game,,,,,,,,
pokemon ranger shadows of almia,game,,,,,,,,
pokemon ranger guardian signs,game,,,,,,,,
pokemon conquest,game,,,,,,,,
professor layton and the curious village,game,Professor Layton,,,,,,,
professor layton and pandoras box,game,Professor Layton,,,,,,,
professor layton and the lost future,game,Professor Layton,,,,,,,
professor layton and the spectre's call,game,Professor Layton,,,,,,,
professor layton and the miracle mask,game,Professor Layton,,,,,,,
professor layton and the azran legacy,game,Professor Layton,,,,,,,
Layton's Mystery Journey,game,Professor Layton,,,,,,,
chrono trigger,game,,,,,,,,
super mario bros.,game,Mario,,,,,,,
super mario bros. 3,game,Mario,,,,,,,
super mario world,game,Mario,,,,,,,
new super mario bros,game,Mario,,,,,,ds,
new super mario bros. wii,game,Mario,,,,,,,
new super mario bros. 2,game,Mario,,,,,,,
new super mario bros. u deluxe,game,Mario,,,,,,,
new super mario bros. wonder,game,Mario,,,,,,,
paper mario,game,"Mario, Paper Mario",,,,,,,
paper mario: the thousand-year door,game,"Mario, Paper Mario",,,,,,to be remastered in 2024,
super paper mario,game,"Mario, Paper Mario",,,,,,,
paper mario: sticker Star,game,"Mario, Paper Mario",,,,,,,
paper mario: Paper jam,game,"Mario, Paper Mario, Mario & Luigi",,,,,,,
paper mario: color Splash,game,"Mario, Paper Mario",,,,,,,
paper mario: the origami king,game,"Mario, Paper Mario",,,,,,,
mario & luigi superstar saga + bowsers minions,game,"Mario, Mario & Luigi",,,,,,,
mario and luigi partners in time,game,"Mario, Mario & Luigi",,,,,,,
mario & luigi bowsers inside story + bowser jr's journey,game,"Mario, Mario & Luigi",,,,,,,
mario & luigi dream team,game,"Mario, Mario & Luigi",,,,,,,
mario party ds,game,"Mario, Mario Party",,,,,,,
mario party superstars,game,"Mario, Mario Party",,,,,,,
mario kart ds,game,"Mario, Mario Kart",,,,,,,
mario kart 8 deluxe,game,"Mario, Mario Kart",,,,,,,
super mario rpg,game,Mario,,,,,,,
super mario 64,game,"Mario, Mario 3D",,,,,,,
super mario sunshine,game,"Mario, Mario 3D",,,,,,,
super mario galaxy,game,"Mario, Mario 3D",,,,,,,
super mario galaxy 2,game,"Mario, Mario 3D",,,,,,,
super mario 3d land,game,"Mario, Mario 3D",,,,,,,
super mario 3d world,game,"Mario, Mario 3D",,,,,,bowsers fury is a dlc,
luigis mansion,game,"Mario, Luigi’s Mansion",,,,,,,
luigi's mansion 2 dark moon,game,"Mario, Luigi’s Mansion",,,,,,to be remastered in 2024,
luigi's mansion 3,game,"Mario, Luigi’s Mansion",,,,,,,
super mario world 2: yoshi's island,game,"Mario, Yoshi",,,,,,,
yoshis story,game,"Mario, Yoshi",,,,,,,
yoshi's island ds,game,"Mario, Yoshi",,,,,,,
yoshi's new island,game,"Mario, Yoshi",,,,,,,
yoshi's woolly world,game,"Mario, Yoshi",,,,,,,
yoshi's crafted world,game,"Mario, Yoshi",,,,,,,
ghost trick,game,,,,,,,,
call of duty 4: modern warfare 2007,game,,,,,,,remaster available,
Call of duty world at war,game,,,,,,,,
call of duty modern warfare 2,game,,,,,,,remaster available,
call of duty black ops,game,,,,,,,,
call of duty modern warfare 3,game,,,,,,,,
Call of duty black ops 2,game,,,,,,,,
call of duty infinite warfare,game,,,,,,,great campaign,
call of duty modern warfare 2019,game,,,,,,,,
call of duty modern warfare ii 2022,game,,,,,,,,
sonic mania,game,,,,,,,,
rayman legends,game,,,,,,,,
littlebigplanet,game,,,,,,,,
Littlebigplanet 2,game,,,,,,,,
Littlebigplanet 3,game,,,,,,,,
cuphead,game,,,,,,,,
overcooked,game,,,,,,,,
Overcooked 2,game,,,,,,,,
a way out,game,,,,,,,,
among us,game,,,,,,,,
Left 4 dead 2,game,,,,,,,,
batman arkham origins,game,,,,,,,,
batman arkham asylum,game,,,,,,,available in Arkham Collection,
batman arkham city,game,,,,,,,available in Arkham Collection,
batman arkham knight,game,,,,,,,available in Arkham Collection,
grand theft auto liberty city stories,game,,,,,,,,
grand theft auto iii,game,,,,,,,,
grand theft auto vice city stories,game,,,,,,,,
grand theft auto vice city,game,,,,,,,,
grand theft auto san andreas,game,,,,,,,,
grand theft auto Chinatown wars,game,,,,,,,,
grand theft auto iv,game,,,,,,,complete edition contains all dlc,
grand theft auto v,game,,,,,,,,
red dead redemption,game,,,,,,,game of the year edition contains undead nightmare,
red dead redemption 2,game,,,,,,,,
alan wake,game,Alan Wake,,,,,,,
alan wake 2,game,Alan Wake,,,,,,,
metal gear,game,,,,,,,Metal Gear Solid Legacy Collection contains HD remaster,
snakes' revenge,game,,,,,,,,
metal gear 2: solid snake,game,,,,,,,Metal Gear Solid Legacy Collection contains HD remaster,
metal gear solid 1998,game,,,,,,,"metal gear solid: the twin snakes is a remake of this, Metal Gear Solid Legacy Collection contains HD remaster of original and remake",
metal gear solid 2: sons of liberty,game,,,,,,,Metal Gear Solid Legacy Collection contains HD remaster,
metal gear solid 3: snake eater,game,,,,,,,"Metal Gear Solid Legacy Collection contains HD remaster, msg3 snake eater remaster/delta coming soon",
metal gear solid 4: guns of the patriots,game,,,,,,,Metal Gear Solid Legacy Collection contains HD remaster,
metal gear solid: peace walker,game,,,,,,,Metal Gear Solid Legacy Collection contains HD remaster,
metal gear solid V: Ground Zeroes,game,,,,,,,,
metal gear solid V: The Phantom Pain,game,,,,,,,,
legend of zelda a link to the past,game,,,,,,,,
legend of zelda four swords anniversary edition,game,,,,,,,,
legend of zelda links awakening switch,game,,,,,,,,
legend of zelda ocarina of time 3d,game,,,,,,,,
legend of zelda majoras mask 3d,game,,,,,,,,
legend of zelda oracle of ages & seasons,game,,,,,,,,
legend of zelda wind waker,game,,,,,,,,
legend of zelda minish cap,game,,,,,,,,
legend of zelda twilight princess,game,,,,,,,,
legend of zelda a link between worlds,game,,,,,,,,
legend of zelda breath of wild,game,,,,,,,,
legend of zelda tears of the kingdom,game,,,,,,,,
assassin's creed,game,,,,,,,,
assassin's creed ii,game,,,,,,,,
assassin's creed Brotherhood,game,,,,,,,,
assassin's creed Revelations,game,,,,,,,,
assassin's creed iii,game,,,,,,,,
assassin's creed iv black flag,game,,,,,,,,
assassin's creed rogue,game,,,,,,,,
assassin's creed unity,game,,,,,,,,
assassin's creed syndicate,game,,,,,,,,
assassin's creed origins,game,,,,,,,,
assassin's creed odyssey,game,,,,,,,,
assassin's creed Valhalla,game,,,,,,,,
assassin's creed mirage,game,,,,,,,,
watch dogs,game,,,,,,,,
watch dogs 2,game,,,,,,,,
watch dogs legion,game,,,,,,,,
harry potter prisoner of Azkaban gba,game,,,,,,,,
infinity blade,game,,,,,,,,
infinity blade 2,game,,,,,,,,
infinity blade 3,game,,,,,,,,
Witcher 3,game,,,,,,,,
Bloodborne,game,,,,,,,,
horizon zero dawn,game,,,,,,,,
horizon forbidden west,game,,,,,,,,
cyberpunk 2077,game,,,,,,,,
simpsons hit and run,game,,,,,,,,
stardew valley,game,,,,,,,,
terreria,game,,,,,,,,
roller coaster tycoon 2,game,,,,,,,openrct2 is the best way to play,
dead by daylight,game,,,,,,,,
super metroid,game,,,,,,,,
castlevania: symphony of the night,game,,,,,,,,
minecraft,game,,,,,,,,
disco elysium,game,,,,,,,,
shadow of the colossus,game,,,,,,,,
diablo ii resurrected,game,,,,,,,,
hollow knight,game,,,,,,,,
Journey 2012,game,,,,,,,,
silent hill 2,game,,,,,,,,
return of the obra dinn,game,,,,,,,,
Inside,game,,,2016,,,,,
Persona 5,game,,,,,,,royal is enchanced with new content,
dark souls,game,,,,,,,Remastered 2018,
dark souls ii,game,,,,,,,scholar of the first sin contains dlc,
dark souls iii,game,,,,,,,fire of hades edition contains dlc,
Chicken Run,film kids,Aardman,2000-06-23,,https://en.wikipedia.org/wiki/Chicken_Run,https://www.imdb.com/title/tt0120630/,8,,
Flushed Away,film kids,Aardman,2006-10-22,,https://en.wikipedia.org/wiki/Flushed_Away,https://www.imdb.com/title/tt0424095/,8,,
snow white and the seven dwarfs 1937,film kids,,,,,,,,
pinnochio 1940,film kids,,,,,,,,
dumbo 1941,film kids,,,,,,,,
bambi 1942,film kids,,,,,,,,
alice in wonderland 1951,film kids,,,,,,,,
peter pan 1953,film kids,,,,,,,,
return to neverland,film kids,,,,,,,,
lady and the tramp 1955,film kids,,,,,,,,
sleeping beauty 1959,film kids,,,,,,,,
One hundred and one dalmations,film kids,,,,,,,,
mary poppins,film kids,,,,,,,,
the jungle book,film kids,,,,,,,,
the many adventures of winnie the pooh,film kids,,,,,,,three featurettes based on book,
Winnie the Pooh Discovers the Seasons,film kids,,,,,,,educational featurette not based on books,
Winnie the Pooh and a Day for Eeyore,film kids,,,,,,,fourth and final featurette based on book,
the tigger movie,film kids,,,,,,,,
piglets big movie,film kids,,,,,,,,
pooh's heffalump movie,film kids,,,,,,,,
winnie the pooh 2011,film kids,,,,,,,,
the little mermaid,film kids,,,,,,,,
beauty and the beast,film kids,,,,,,,,
aladdin,film kids,,,,,,,,
the lion king,film kids,,,,,,,,
pocahontas,film kids,,,,,,,,
a goofy movie,film kids,,,,,,,,
cool runnings,film kids,,,,,,,,
the hunchback of notre dame,film kids,,,,,,,,
one hundred and one dalmations 1961,film kids,,,,,,,,
tarzan,film kids,,,,,,,,
inspector gadget,film kids,,,,,,,,
inspector gadget 2,film kids,,,,,,,,
charlie and the chocolate factory,film kids,,,,,,,,
toy story,film kids,,,,,,,,
toy story 2,film kids,,,,,,,,
toy story 3,film kids,,,,,,,,
monsters inc,film kids,,,,,,,,
finding nemo,film kids,,,,,,,,
the incredibles,film kids,,,,,,,,
chicken little,film kids,,,,,,,,
the chronicles of narnia the lion the witch and the wardrobe,film kids,,,,,,,,
cars,film kids,,,,,,,,
meet the robinsons,film kids,,,,,,,,
ratatouille,film kids,,,,,,,,
wall-e,film kids,,,,,,,,
up,film kids,,,,,,,,
madagascar,film kids,,,,,,,,
Madagascar escape 2 africa,film kids,,,,,,,,
Madagascar 3 europe’s most wanted,film kids,,,,,,,,
shrek,film kids,,,,,,,,
Shrek 2,film kids,,,,,,,,
shrek the third,film kids,,,,,,,,
kung fu panda,film kids,,,,,,,,
kung fu panda 2,film kids,,,,,,,,
kung fu panda 3,film kids,,,,,,,,
the princess and the frog,film kids,,,,,,,,
tangled,film kids,,,,,,,,
brave,film kids,,,,,,,,
wreck it ralph,film kids,,,,,,,,
frozen,film kids,,,,,,,,
big hero 6,film kids,,,,,,,,
the good dinosaur,film kids,,,,,,,,
moana,film kids,,,,,,,,
coco,film kids,,,,,,,,
raya and the last dragon,film kids,,,,,,,,
luca,film kids,,,,,,,,
encanto,film kids,,,,,,,,
leo,film kids,,,,,,,,
the muppet movie,film kids,,,,,,,,
the great muppet caper,film kids,,,,,,,,
the muppets take manhattan,film kids,,,,,,,,
the muppet christmas carol,film kids,,,,,,,,
muppet treasure island,film kids,,,,,,,,
the muppets 2011,film kids,,,,,,,,
muppets most wanted,film kids,,,,,,,,
diary of a wimpy kid,film kids,,,,,,,,
diary of a wimpy kid rodrick rules,film kids,,,,,,,,
diary of a wimpy kid dog days ,film kids,,,,,,,,
matilda,film kids,,,,,,,,
despicable me,film kids,,,,,,,,
minions,film kids,,,,,,,,
the bfg 1989,film kids,,,,,,,,
a grand day out,film kids,Wallace & gromit,,,,,,,
the wrong trousers,film kids,Wallace & gromit,,,,,,,
a close shave,film kids,Wallace & gromit,,,,,,,
wallace & gromit the curse of the were-rabbit,film kids,Wallace & gromit,,,,,,,
wallace & gromit a matter of loaf and death,film kids,Wallace & gromit,,,,,,,
kirikouet la sorciere,film kids,,,,,,,,
Neuilly sa mère,film kids,,,,,,,,
ramayana the legend of prince rama,film kids,,,,,,,,
ace ventura pet detective,film kids,,,,,,,,
writing with fire,film documentary,,,,,,,journalism in india,
bitter lake,film documentary,adam curtis ,,,,,,,
hypernormalisation,film documentary,adam curtis ,,,,,,,
Seaspiracy,film documentary,,,,,,,,
Get Me Roger Stone,film documentary,,,,,,,recommended by amaar,
Jeen-Yuhs,film documentary,,,,,,,,
Wrestling isn't Wrestling,film documentary,,,,,,,,
senna,film documentary,,,,,,,,
The Kid,film comedy,Charlie Chaplin,1921-01-21,,https://en.wikipedia.org/wiki/The_Kid_(1921_film),,4,,
A Woman of Paris,film comedy,Charlie Chaplin,1923-09-26,, https://en.wikipedia.org/wiki/A_Woman_of_Paris,,4,,
The Gold Rush,film comedy,Charlie Chaplin,1925-06-25,, https://en.wikipedia.org/wiki/The_Gold_Rush,,4,,
The Circus,film comedy,Charlie Chaplin,1928-01-06,, https://en.wikipedia.org/wiki/The_Circus_(1928_film),,4,,
City Lights,film comedy,Charlie Chaplin,1931-01-30,, https://en.wikipedia.org/wiki/City_Lights,,4,,
Modern Times,film comedy,Charlie Chaplin,1936-02-05,, https://en.wikipedia.org/wiki/Modern_Times_(film),,4,,
The Great Dictator,film comedy,Charlie Chaplin,1940-10-15,, https://en.wikipedia.org/wiki/The_Great_Dictator,,4,,
Monsieur Verdoux,film comedy,Charlie Chaplin,1947-04-11,, https://en.wikipedia.org/wiki/Monsieur_Verdoux,,4,,
Limelight,film comedy,Charlie Chaplin,1952-10-23,, https://en.wikipedia.org/wiki/Limelight_(1952_film),,4,,
A King in New York,film comedy,Charlie Chaplin,1957-09-12,, https://en.wikipedia.org/wiki/A_King_in_New_York,,4,,
A Countess from Hong Kong,film comedy,Charlie Chaplin,1967-01-05,, https://en.wikipedia.org/wiki/A_Countess_from_Hong_Kong,,4,,
grown ups 1,film comedy,,,,,,,,
grown ups 2,film comedy,,,,,,,,
American pie,film comedy,,,,,,,,
American pie 2,film comedy,,,,,,,,
American Wedding,film comedy,,,,,,,,
American Reunion,film comedy,,,,,,,,
ride along,film comedy,,,,,,,,
ride along 2,film comedy,,,,,,,,
the hangover,film comedy,,,,,,,,
the hangover part ii,film comedy,,,,,,,,
the hangover part iii,film comedy,,,,,,,,
ali g in da house,film comedy,,,,,,,,
Borat,film comedy,,,,,,,,
Bruno,film comedy,,,,,,,,
Borat Subsequent Moviefilm,film comedy,,,,,,,,
Coming to America,film comedy,,,,,,,,
friday,film comedy,,,,,,,,
rush hour,film comedy,,,,,,,,
rush hour 2,film comedy,,,,,,,,
rush hour 3,film comedy,,,,,,,,
21 jump street,film comedy,,,,,,,,
22 jump street,film comedy,,,,,,,,
good boys,film comedy,,,,,,,,
superbad,film comedy,,,,,,,,
white chicks,film comedy,,,,,,,,
ted,film comedy,,,,,,,,
monty python and the holy grail,film comedy,Monty Python,,,,,,,
monty pythons life of brian,film comedy,Monty Python,,,,,,,
monty pythons the meaning of life,film comedy,Monty Python,,,,,,,
the mask,film comedy,,,,,,,,
the dictator,film comedy,,,,,,,,
akira,film anime,,,,,,,,
dune,film,Frank Herbert,,,,,,,
dune 2,film,Frank Herbert,,,,,,,
sadhna,film,BR Chopra,,,,,,,
arrival,film,,,,,,,,
alien,film,,,,,,,,
aftersun,film,,,,,,,,
2001 a space odyssey,film,Stanley Kubrick,,,,,,,
eyes wide shut,film,Stanley Kubrick,,,,,,,
the shining,film,Stanley Kubrick,,,,,,,
this is England,film,,,,,,,,
el camino: a breaking bad movie,film,,,,,,,,
pulp fiction,film,,,,,,,,
eternal sunshine of the spotless mind,film,,,,,,,,
taxi driver,film,,,,,,,,
moonlight,film,,,,,,,,
the shawshank redemption,film,,,,,,,,
the pianist,film,,,,,,,2002,
schindlers list,film,,,,,,,,
the grand budapest hotel,film,,,,,,,,
mulholland drive,film,,,,,,,,
raging bull,film,,,,,,,,
the good the bad and the ugly,film,,,,,,,,
parasite,film,,,,,,,,
oldboy,film,park chan-wook,,,,,,,
the handmaiden,film,park chan-wook,,,,,,,
the wailing,film,,,,,,,,
american psycho,film,,,,,,,,
the whale,film,,,,,,,,
iron man,film,"Marvel, Marvel Cinematic Universe",,,,,,,
the incredible hulk,film,"Marvel, Marvel Cinematic Universe",,,,,,,
iron man 2,film,"Marvel, Marvel Cinematic Universe",,,,,,,
thor,film,"Marvel, Marvel Cinematic Universe",,,,,,,
captain america the first avenger,film,"Marvel, Marvel Cinematic Universe",,,,,,,
the avengers,film,"Marvel, Marvel Cinematic Universe",,,,,,,
iron man 3,film,"Marvel, Marvel Cinematic Universe",,,,,,,
thor the dark world,film,"Marvel, Marvel Cinematic Universe",,,,,,,
captain america the winter soldier,film,"Marvel, Marvel Cinematic Universe",,,,,,,
guardians of the galaxy,film,"Marvel, Marvel Cinematic Universe",,,,,,,
avengers age of ultron,film,"Marvel, Marvel Cinematic Universe",,,,,,,
antman,film,"Marvel, Marvel Cinematic Universe",,,,,,,
captain america civil war,film,"Marvel, Marvel Cinematic Universe",,,,,,,
doctor strange,film,"Marvel, Marvel Cinematic Universe",,,,,,,
guardians of the galaxy vol 2,film,"Marvel, Marvel Cinematic Universe",,,,,,,
spiderman homecoming,film,"Marvel, Marvel Cinematic Universe",,,,,,,
thor ragnarok,film,"Marvel, Marvel Cinematic Universe",,,,,,,
black panther,film,"Marvel, Marvel Cinematic Universe",,,,,,,
avengers infinity war,film,"Marvel, Marvel Cinematic Universe",,,,,,,
antman and the wasp,film,"Marvel, Marvel Cinematic Universe",,,,,,,
captain marvel,film,"Marvel, Marvel Cinematic Universe",,,,,,,
avengers endgame,film,"Marvel, Marvel Cinematic Universe",,,,,,,
spiderman far from home,film,"Marvel, Marvel Cinematic Universe",,,,,,,
black widow,film,"Marvel, Marvel Cinematic Universe",,,,,,,
shang chi and the legend of the ten rings,film,"Marvel, Marvel Cinematic Universe",,,,,,,
eternals,film,"Marvel, Marvel Cinematic Universe",,,,,,,
spiderman no way home,film,"Marvel, Marvel Cinematic Universe",,,,,,,
doctor strange in the multiverse of madness,film,"Marvel, Marvel Cinematic Universe",,,,,,,
thor love and thunder,film,"Marvel, Marvel Cinematic Universe",,,,,,,
spiderman into the spiderverse,film,"Marvel, Spiderverse",,,,,,,
spiderman beyond the spiderverse,film,"Marvel, Spiderverse",,,,,,,
the batman,film,DC,,,,,,,
joker,film,DC,,,,,,,
knives out,film,Knives Out,,,,,,,
glass onion,film,Knives Out,,,,,,,
great gatsby,film,,,,,,,,
once upon a time in hollywood,film,,,,,,,,
the pursuit of happyness,film,,,,,,,,
django unchained,film,,,,,,,,
godzilla Minus One,film,,,,,,,,
crazy rich asians,film,,,,,,,,
the godfather,film,,,,,,,,
the godfather 2,film,,,,,,,,
cidade de deus,film,,,,,,,,
goodfellas,film,Martin Scorsese,,,,,,,
everything everywhere all at once,film,,,,,,,,
fight club,film,,,,,,,,
el hoyo,film,,,,,,,,
boyz n the hood,film,,,,,,,,
straight outta compton,film,,,,,,,,
training day,film,,,,,,,,
my neighbour totoro,film,,,,,,,,
spirited away,film,,,,,,,,
howls moving castle,film,,,,,,,,
top gun,film,,,,,,,,
top gun maverick,film,,,,,,,,
mirror,film,andrei tarkovsky,,,,,,0/10,
the boy in the striped pyjamas,film,,,,,,,,
the theory of everything,film,,,,,,,,
truman show,film,,,,,,,,
roots,series,,,,,,,,
her,film,,,,,,,,
inception,film,,,,,,,,
your name,film,,,,,,,,
get out,film,,,,,,,,
revenant,film,,,,,,,,
la la land,film,,,,,,,,
florida project,film,,,,,,,,
the lighthouse,film,,,,,,,,
koyaanisqatsi,film,,,,,,,,
forrest gump,film,,,,,,,,
napoleon dynamite,film,,,,,,,,
weathering with you,film,,,,,,,,
bernie,film,,,,,,,,
rain man,film,,,,,,,,
home alone,film,,,,,,,,
home alone 2 lost in new york,film,,,,,,,,
mission impossible,film,,,,,,,,
mission impossible 2,film,,,,,,,,
mission impossible iii,film,,,,,,,,
mission impossible ghost protocol,film,,,,,,,,
pirates of the Carribbean the curse of the black pearl,film,,,,,,,,
pirates of the Carribbean dead mans chest,film,,,,,,,,
pirates of the Carribbean at worlds end,film,,,,,,,,
the fast and the furious,film,,,,,,,,
2 fast 2 furious,film,,,,,,,,
the fast and the furious: tokyo drift,film,,,,,,,,
Fast & Furious,film,,,,,,,,
Fast Five,film,,,,,,,,
Fast & Furious 6,film,,,,,,,,
Furious 7,film,,,,,,,,
the call,film,WWE studios,,,,,,,
slumdog millionaire,film,,,,,,,,
batman begins,film,,,,,,,,
dark knight rises,film,,,,,,,,
dark knight returns,film,,,,,,,,
the conjuring,film,,,,,,,,
the conjuring 2,film,,,,,,,,
the conjuring the devil made me do it,film,,,,,,,,
scream 1996,film,,,,,,,,
friday the 13th,film,,,,,,,,
halloween 1978,film,,,,,,,,
Halloween 2018,film,,,,,,,,
halloween kills,film,,,,,,,,
halloween ends,film,,,,,,,,
nightmare on elm street 1984,film,,,,,,,,
taken 2008,film,,,,,,,,
American sniper,film,,,,,,,,
the martian,film,,,,,,,,
i am not your negro,film,,,,,,,,
an inspector calls film,film,,,,,,,,
look mom i can fly,film,,,,,,,,
close up,film,,,,,,,,
1917,film,,,,,,,,
full metal jacket,film,,,,,,,,
dunkirk,film,,,,,,,,
scarface,film,,,,,,,,
the idol,series,,,,,,,,
nightcrawler,film,,,,,,,,
southpaw,film,,,,,,,,
heat,film,,,,,,,,
Casablanca,film,,,,,,,,
the matrix,film,,,,,,,,
reservoir dogs,film,,,,,,,,
logan,film,,,,,,,,
clockwork orange,film,,,,,,,,
kidulthood,film,,,,,,,,
ex machina,film,,,,,,,,
perfect blue,film,,,,,,,,
blade runner,film,,,,,,,,
blade runner 2049,film,,,,,,,,
groundhog day,film,,,,,,,,
trainspotting,film,,,,,,,,
children of men,film,,,,,,,,
call me by your name,film,,,,,,,,
the notebook ,film,,,,,,,,
mad max 1979,film,,,,,,,,
mad max 2,film,,,,,,,,
mad max beyond thunderdome,film,,,,,,,,
mad max fury road,film,,,,,,,,
braveheart,film,,,,,,,,
300,film,,,,,,,,
titanic,film,,,,,,,,
birdman,film,,,,,,,,
inglorious bastards,film,,,,,,,,
dope,film,,,,,,,,
singing in the rain,film,,,,,,,,
saving private ryan,film,,,,,,,,
the social network,film,,,,,,,,
blackkklansman,film,,,,,,,,
isle of dogs,film,,,,,,,,
breakfast club,film,,,,,,,,
ferris buellers day off,film,,,,,,,,
self made (madam cj walker),film,,,,,,,,
the founder (McDonald's),film,,,,,,,,
the imitation game,film,,,,,,,,
super 30,film,,,,,,,,
the man who knew infinity,film,,,,,,,,
life of pi,film,,,,,,,,
tenet,film,,,,,,,,
past lives,film,,,,,,,,
la jetee,film,,,,,,,,
midsommar,film,,,,,,,,
minari,film,,,,,,,,
gone girl,film,,,,,,,,
Dr. No,film,james bond,,,,,,,
From Russia with Love,film,james bond,,,,,,,
Goldfinger,film,james bond,,,,,,,
Thunderball,film,james bond,,,,,,,
you only live twice,film,james bond,,,,,,,
on her majesty’s secret service,film,james bond,,,,,,,
the spy who loved me,film,james bond,,,,,,,
for your eyes only,film,james bond,,,,,,,
The living daylights,film,james bond,,,,,,,
licence to kill,film,james bond,,,,,,,
goldeneye,film,james bond,,,,,,,
casino royale 2006,film,james bond,,,,,,,
quantum of solace,film,james bond,,,,,,,
skyfall,film,james bond,,,,,,,
spectre,film,james bond,,,,,,,
no time to die,film,james bond,,,,,,,
after hours 1985,film,,,,,,,,
ghost in the shell 1995,film,,,,,,,,
citizen kane,film,,,,,,,,
die hard,film,,,,,,,,
the terminator,film,,,,,,,,
the terminator 2 judgement day,film,,,,,,,,
the equalizer,film,,,,,,,,
the equalizer 2,film,,,,,,,,
the equalizer 3,film,,,,,,,,
the raid,film,,,,,,,,
the raid 2,film,,,,,,,,
john wick,film,,,,,,,,
john wick chapter 2,film,,,,,,,,
john wick chapter 3 parabellum,film,,,,,,,,
john wick chapter 4,film,,,,,,,,
uncut gems,film,,,,,,,,
silence of the lambs,film,,,,,,,,
harakiri,film,,,,,,,,
grave of the fireflies,film,,,,,,,,
interstellar,film,,,,,,,,
se7en,film,,,,,,,,
one flew over the cuckoo's nest,film,,,,,,,,
the lord of the rings: The Fellowship of the Ring,film,,,,,,,,
the lord of the rings: the two towers ,film,,,,,,,,
the lord of the rings: the return of the king,film,,,,,,,,
the hobbit: an unexpected journey ,film,,,,,,,,
the hobbit: the desolation of smaug ,film,,,,,,,,
the hobbit: the battle of the five armies ,film,,,,,,,,
Harry Potter and the Philosopher's Stone ,film,,,,,,,,
Harry Potter and the Chamber of Secrets ,film,,,,,,,,
Harry Potter and the Prisoner of Azkaban ,film,,,,,,,,
Harry Potter and the Goblet of Fire,film,,,,,,,,
Harry Potter and the Order of the Phoenix,film,,,,,,,,
Harry Potter and the Half-Blood Prince,film,,,,,,,,
Harry Potter and the Deathly Hallows pt 1 ,film,,,,,,,,
Harry Potter and the Deathly Hallows pt 2,film,,,,,,,,
intouchables,film,,,,,,,,
la haine,film,,,,,,,,
Kick Ass 2010,film,,,,,,,,
Kick Ass 2,film,,,,,,,,
Fighting With My Family,film,,,,,,,,
shutter island,film,Martin Scorsese,,,,,,,
wolf of wallstreet,film,,,,,,,,
black swan,film,,,,,,,,
dead poet society,film,,,,,,,,
grease,film,,1978,,,,,,
hamilton,film,,,,,,,disney plus recording of musical in 2016,
kat williams the pimp chronicles part 1,comedy special,,,,,,,,
kat williams Live,comedy special,,,,,,,"also known as ""Let a playa play""",
kat williams American hustle,comedy special,,,,,,,,
kat williams its pimpin pimpin,comedy special,,,,,,,,
Katt Williams: Pimpadelic,comedy special,,,,,,,,
Katt Williams: 9 Lives,comedy special,,,,,,,,
Katt Williams: Kattpacalypse,comedy special,,,,,,,,
Katt Williams: Priceless: Afterlife,comedy special,,,,,,,,
Katt Williams: Great America,comedy special,,,,,,,,
Katt Williams: World War III,comedy special,,,,,,,,
Russell Peters outsourced,comedy special,,,,,,,,
Russell Peters two concerts one ticket,comedy special,,,,,,,https://en.wikipedia.org/wiki/Russell_Peters#Film,
Russell Peters red white and brown,comedy special,,,,,,,,
Russell Peters the green card tour live from the o2 arena,comedy special,,,,,,,,
Russell Peters notorious,comedy special,,,,,,,,
Russell Peters almost famous,comedy special,,,,,,,,
Russell Peters deported,comedy special,,,,,,,,
Hasan Minhaj Homecoming King,comedy special,,,,,,,,
George Carlin - 01 - On Location At Usc ,comedy special,,,,,,,available on archive.org,
George Carlin - 02 - Again,comedy special,,,,,,,available on archive.org,
George Carlin - 03 - Carlin at Carnegie,comedy special,,,,,,,available on archive.org,
George Carlin - 04 - Carlin On Campus,comedy special,,,,,,,available on archive.org,
George Carlin - 05 - Playing With Your Head,comedy special,,,,,,,available on archive.org,
George Carlin - 06 - What the Fuck am I Doing in New Jersey,comedy special,,,,,,,available on archive.org,
George Carlin - 07 - Doin' It Again,comedy special,,,,,,,available on archive.org,
George Carlin - 08 - Jammin' In New York ,comedy special,,,,,,,available on archive.org,
George Carlin - 09 - Back In Town,comedy special,,,,,,,available on archive.org,
George Carlin - 10 - 40 Years Of Comedy,comedy special,,,,,,,available on archive.org,
George Carlin - 11 - You Are All Diseased ,comedy special,,,,,,,available on archive.org,
George Carlin - 12 - Complaints and Grievances,comedy special,,,,,,,available on archive.org also see his Inside The Actor's Studio interview,
George Carlin - 13 - Life Is Worth Losing,comedy special,,,,,,,available on archive.org,
George Carlin - Its Bad For Ya,comedy special,,,,,,,available on archive.org,
Dave Chappelle Killin' them softly,comedy special,,,,,,,,
Dave Chappelle For what its worth,comedy special,,,,,,,,
Dave Chappelle deep in the heart of texas,comedy special,,,,,,,,
Dave Chappelle the age of spin,comedy special,,,,,,,,
Dave Chappelle equanimity,comedy special,,,,,,,,
Dave Chappelle the bird revelation,comedy special,,,,,,,,
Dave Chappelle sticks & stones,comedy special,,,,,,,,
8:46,speech,Dave Chappelle,,,,,,,
Dave Chappelle unforgiven,speech,Dave Chappelle,,,,,,,
Dave Chappelle Redemption Song,speech,Dave Chappelle,,,,,,,
Dave Chappelle the closer,comedy special,,,,,,,,
Dave Chappelle Whats in a name?,speech,Dave Chappelle,,,,,,,
Dave Chappelle the Dreamer,comedy special,,,,,,,,
Andrew Schulz 4:4:1,comedy special,,,,,,,,
Andrew Schulz 5:5:1,comedy special,,,,,,,,
Andrew Schulz views from the cis,comedy special,,,,,,,,
Schulz saves america,comedy special,,,,,,,,
Andrew Schulz infamous,comedy special,,,,,,,,
Akaash Singh Bring Back Apu,comedy special,,,,,,,,
Eddie Murphy Delirious,comedy special,,,,,,,,
Eddie Murphy Raw,comedy special,,,,,,,,
Kevin Hart Im a grown little man,comedy special,,,,,,,,
Kevin Hart Seriously Funny,comedy special,,,,,,,,
Kevin Hart Laugh at my pain,comedy special,,,,,,,,
Kevin Hart Let me Explain,comedy special,,,,,,,,
Kevin Hart What Now,comedy special,,,,,,,,
Kevin Hart Irresponsible,comedy special,,,,,,,,
Kevin Hart Zero Fucks Given,comedy special,,,,,,,,
elephant in the room,comedy special,Patrice O'Neal ,,,,,,,
Bill Burr Why Do I Do This,comedy special,,,,,,,,
Bill Burr Let it Go,comedy special,,,,,,,,
Bill Burr You People are all the same,comedy special,,,,,,,,
Bill Burr Im Sorry You Fell That Way,comedy special,,,,,,,,
Bill Burr Walk Your Way Out,comedy special,,,,,,,,
Bill Burr Paper Tiger,comedy special,,,,,,,,
Bill Burr Live at Red Rocks,comedy special,,,,,,,,
Louis CK Shameless,comedy special,,,,,,,,
Louis CK Chewed Up,comedy special,,,,,,,,
Louis CK Hilarious,comedy special,,,,,,,,
Louis CK Live at the Beacon Theatre,comedy special,,,,,,,,
Louis CK Oh My God,comedy special,,,,,,,,
Louis CK Live at the Comedy store,comedy special,,,,,,,,
Louis CK 2017,comedy special,,,,,,,,
Sincerely Louis CK ,comedy special,,,,,,,,
Louis CK Sorry,comedy special,,,,,,,,
Louis CK at the dolby,comedy special,,,,,,,,
Louis CK Back to the Garden,comedy special,,,,,,,,
Norm Macdonald Me Doing Standup,comedy special,,,,,,,,
Norm Macdonald Hitler's Dog Gossip & Trickery,comedy special,,,,,,,,
Norm Macdonald Nothing Special,comedy special,,,,,,,,
Frankie Boyle Live,comedy special,,,,,,,,
"Frankie Boyle Live 2 If I could reach Out Through Your TV and Strangle You, I Would",comedy special,,,,,,,,
Frankie Boyle The Last Days of Sodom,comedy special,,,,,,,,
Frankie Boyle Hurt Like You've Never Been Loved,comedy special,,,,,,,,
Frankie Boyle Excited for You to See and Hate This,comedy special,,,,,,,,
Greg Davies Firing Cheeseballs at a Dog,comedy special,,,,,,,,
Greg Davies The Back of My Mum's Head,comedy special,,,,,,,,
Greg Davies You Magnificent Beast,comedy special,,,,,,,,
Ricky Gervais Live Animals,comedy special,,,,,,,,
Ricky Gervais Live 2 Politics,comedy special,,,,,,,,
Ricky Gervais Live 3 Fame,comedy special,,,,,,,,
Ricky Gervais Out of England The Stand Up Special,comedy special,,,,,,,,
Ricky Gervais Live IV Science,comedy special,,,,,,,,
Ricky Gervais Out of England 2 The Stand Up Special,comedy special,,,,,,,,
Ricky Gervais Humanity,comedy special,,,,,,,,
Ricky Gervais SuperNature,comedy special,,,,,,,,
Ricky Gervais Armageddon,comedy special,,,,,,,,
Chris Rock Big Ass Jokes,comedy special,,,,,,,,
Chris Rock Bring the Pain,comedy special,,,,,,,,
Chris Rock Bigger & Blacker,comedy special,,,,,,,,
chris rock never scared,comedy special,,,,,,,,
Chris Rock Kill the Messenger,comedy special,,,,,,,,
Chris Rock Selective Outrage,comedy special,,,,,,,,
Chris Rock Tamborine,comedy special,,,,,,,See Total Blackout the tambourine extended cut for 30 min extra but no bo burnham,
John Mulaney The Top Part,comedy special,,,,,,,,
John Mulaney New In Town,comedy special,,,,,,,,
John Mulaney The Comeback Kid,comedy special,,,,,,,,
John Mulaney Kid Gorgeous at Radio City,comedy special,,,,,,,,
John Mulaney Baby J,comedy special,,,,,,,,
david Copperfield,book,charles dickens,,,,,,,
great expectations,book,charles dickens,,,,,,,
the catcher in the rye,book,J D Salinger,,,,,,,
Catch 22,book,Joseph Heller,,,,,,,
Jane Eyre,book,Charlotte Bronte,,,,,,,
To Kill a Mockingbird,book,Harper Lee,,,,,,,
oliver twist,book,,,,,,,,
Stay Out of the Basement,book,goosebumps,,,,,,goosebumps #2 available on archive.org,
Say Cheese and Die!,book,goosebumps,,,,,,goosebumps #4 available on archive.org,
Night of the Living Dummy,book,goosebumps,,,,,,goosebumps #7 available on archive.org,
The Haunted Mask,book,goosebumps,,,,,,goosebumps #11 available on archive.org,
One Day at HorrorLand,book,goosebumps,,,,,,goosebumps #16 available on archive.org,
hitchhikers guide to the universe,book,Douglas Adams,,,,,,,
holes,book,,,,,,,,
of mice and men,book,john steinbeck,,,,,,,
Jonathan Livingston Seagull,book,Richard Bach,,,,,,,
the kite runner,book,,,,,,,,
an inspector calls,book,,,,,,,,
Logicomix,book,,,,,,,,
crime and punishment,book,Fyodor Dostoyevsky,,,,,,,
Noughts and Crosses,book,Malorie Blackman,,,,,,,
Knife Edge,book,Malorie Blackman,,,,,,,
Checkmate,book,Malorie Blackman,,,,,,,
Double Cross,book,Malorie Blackman,,,,,,,
Crossfire,book,Malorie Blackman,,,,,,,
Endgame,book,Malorie Blackman,,,,,,,
war and peace,book,Leo Tolstoy,,,,,,,
little women,book,louisa may alcott,,,,,,,
da vinci code,book,,,,,,,,
the grapes of wrath,book,john steinbeck,,,,,,,
flowers of algernon,book,,,,,,,,
dune,book,Frank Herbert,,,,,,,
dune messiah,book,Frank Herbert,,,,,,,
children of dune,book,Frank Herbert,,,,,,,
god emperor of dune,book,Frank Herbert,,,,,,,
the very hungry caterpillar,book,,,,,,,,
the wonderful story of henry sugar and six more,book,Roald Dahl,,,,,,,
the magic finger,book,Roald Dahl,,,,,,,
"Danny, champion of the world",book,Roald Dahl,,,,,,,
boy,book,Roald Dahl,,,,,,,
the enormous crocodile,book,Roald Dahl,,,,,,,
the girrafe and the pelly and me,book,Roald Dahl,,,,,,,
esio trot,book,Roald Dahl,,,,,,,
george’s marvellous medicine,book,Roald Dahl,,,,,,,
fantastic mr fox,book,Roald Dahl,,,,,,,
the bfg,book,Roald Dahl,,,,,,,
charlie and the chocolate factory,book,Roald Dahl,,,,,,,
charlie and the great glass elevator,book,Roald Dahl,,,,,,,
matilda,book,Roald Dahl,,,,,,,
the witches,book,Roald Dahl,,,,,,,
james and the giant peach,book,Roald Dahl,,,,,,,
the twits,book,Roald Dahl,,,,,,,
The Tale of Peter Rabbit,book,,,,,,,the complete tales by beatrix potter,
The Tale of Squirrel Nutkin,book,,,,,,,the complete tales by beatrix potter,
The Tailor of Gloucester,book,,,,,,,the complete tales by beatrix potter,
The Tale of Benjamin Bunny,book,,,,,,,the complete tales by beatrix potter,
The Tale of Two Bad Mice,book,,,,,,,the complete tales by beatrix potter,
The Tale of Mrs Tiggy-Winkle,book,,,,,,,the complete tales by beatrix potter,
The Tale of The Pie and the Patty-Pan,book,,,,,,,the complete tales by beatrix potter,
The Tale of Mr Jeremy Fisher,book,,,,,,,the complete tales by beatrix potter,
The Story of a Fierce Bad Rabbit,book,,,,,,,the complete tales by beatrix potter,
The Story of Miss Moppet,book,,,,,,,the complete tales by beatrix potter,
The Tale of Tom Kitten,book,,,,,,,the complete tales by beatrix potter,
The Tale of Jemima Puddle-Duck,book,,,,,,,the complete tales by beatrix potter,
The Tale of Samuel Whiskers or, the roly-poly pudding,book,,,,,,,the complete tales by beatrix potter
THe Tale of the Flopsy Bunnies,book,,,,,,,the complete tales by beatrix potter,
The Tale of Ginger and Pickles,book,,,,,,,the complete tales by beatrix potter,
The Tale of Mrs. Tittlemouse,book,,,,,,,the complete tales by beatrix potter,
The Tale of Timmy-Tiptoes,book,,,,,,,the complete tales by beatrix potter,
The Tale of Mr Tod,book,,,,,,,the complete tales by beatrix potter,
The Tale of Pigling Bland,book,,,,,,,the complete tales by beatrix potter,
Appley Dappley's Nursery Rhymes,book,,,,,,,the complete tales by beatrix potter,
The Tale of Johnny Town-Mouse,book,,,,,,,the complete tales by beatrix potter,
Cecily Parsley's Nursery Rhymes,book,,,,,,,the complete tales by beatrix potter,
The Tale of Little Pig Robinson,book,,,,,,,the complete tales by beatrix potter,
When We Were Very Young,book,A A Milne,,,,,,the complete tales and poems of winnie-the-pooh,
Now We Are Six,A A Milne,,,,,,the complete tales and poems of winnie-the-pooh,,
Winnie-the-Pooh,A A Milne,,,,,,the complete tales and poems of winnie-the-pooh,,
The House at Pooh Corner,A A Milne,,,,,,the complete tales and poems of winnie-the-pooh,,
lord of the flies,book,William Golding,,,,,,,
ulysses,book,James Joyce,1922,,,,,,
the great gatsby,book,F Scott Fitzgerald,,,,,,,
lolita,book,Vladimir Nabokov,1955,,,,,,
nineteen eighty four,book,George Orwell,,,,,,,
animal farm,book,George Orwell,,,,,,,
rani and sukh,book,,,,,,,,
frankenstein,book,Mary Shelley,,,,,,,
the old man and the sea,book,Ernest Hemingway,,,,,,,
charlotte’s web,book,e b white,,,,,,,
moby dick,book,herman melville,,,,,,,
don quixote,book,miguel de cervantes,,,,,,,
it,book,Stephen King,,,,,,,
the handmaid’s tale,book,Margaret Atwood,,,,,,,
A study in Scarlet,book,Sherlock Holmes Sir Arthur Conan Doyle,,,,,,,
The Sign of the Four,book,Sherlock Holmes Sir Arthur Conan Doyle,,,,,,,
The Adventures of Sherlock Holmes,book,Sherlock Holmes Sir Arthur Conan Doyle,,,,,,,
The Memoirs of Sherlock Holmes,book,Sherlock Holmes Sir Arthur Conan Doyle,,,,,,,
The Hound of the Baskervilles,book,Sherlock Holmes Sir Arthur Conan Doyle,,,,,,,
The Returm of Sherlock Holmes,book,Sherlock Holmes Sir Arthur Conan Doyle,,,,,,,
The Valley of Fear,book,,,,,,,,
The Raven,book,edgar allan poe,,,,,,,
the tell-tale heart,book,edgar allan poe,,,,,,,
the fall of the rise of usher,book,edgar allan poe,,,,,,,
the picture of dorian gray,book,Oscar Wilde,,,,,,,
far from the madding crowd,book,Thomas Hardy,,,,,,,
the mayor of casterbridge,book,Thomas Hardy,,,,,,,
tess of the d’urbervilles,book,Thomas Hardy,,,,,,,
jude the obscure,book,Thomas Hardy,,,,,,,
les miserables,book,victor hugo,,,,,,,
dracula,book,Bram Stroker,,,,,,,
A tale of two cities,book,charles dickens,,,,,,,
pride and prejudice,book,jane austen,,,,,,,
Where's Wally?,book,,,,,,,The Totally Essential Travel Collection,
Where's Wally Now?,book,,,,,,,The Totally Essential Travel Collection,
Where's Wally? The Fantastic Journey,book,,,,,,,The Totally Essential Travel Collection,
Where's Wally In Hollywood?,book,,,,,,,The Totally Essential Travel Collection,
Where's Wally? The Wonder Book,book,,,,,,,The Totally Essential Travel Collection,
Where's Wally? The Great Picture Hunt,book,,,,,,,The Totally Essential Travel Collection,
Where's Wally? The Incredible Paper Chase,book,,,,,,,The Totally Essential Travel Collection,
corduroy,book,,,,,,,,
Winnie the Witch,book,Winnie the Witch,,,,,,Winnie the Witch 6-in-1 Collection,
Winnie in Winter,book,Winnie the Witch,,,,,,Winnie the Witch 6-in-1 Collection,
Winnie Flies Again,book,Winnie the Witch,,,,,,Winnie the Witch 6-in-1 Collection,
Winnie's Magic Wand,book,Winnie the Witch,,,,,,Winnie the Witch 6-in-1 Collection,
Winnie's New Computer,book,Winnie the Witch,,,,,,Winnie the Witch 6-in-1 Collection,
Winnie at the Seaside,book,Winnie the Witch,,,,,,Winnie the Witch 6-in-1 Collection,
elmer the patchwork elephant,book,,,,,,,,
Madeline,book,Madeline,,,,,,Mad About Madeline: The Complete Tales (collection of the original 6 books),
Madeline's Rescue,book,Madeline,,,,,,Mad About Madeline: The Complete Tales (collection of the original 6 books),
Madeline and the Bad Hat,book,Madeline,,,,,,Mad About Madeline: The Complete Tales (collection of the original 6 books),
Madeline's Christmas,book,Madeline,,,,,,Mad About Madeline: The Complete Tales (collection of the original 6 books),
Madeline and the Gypsies,book,Madeline,,,,,,Mad About Madeline: The Complete Tales (collection of the original 6 books),
Madeline in London,book,Madeline,,,,,,Mad About Madeline: The Complete Tales (collection of the original 6 books),
Horrid Henry,book,Francesca Simon,,,,,,horrid henry loathsome library,
Horrid Henry and the Secret Club,book,Francesca Simon,,,,,,horrid henry loathsome library,
Horrid Henry Tricks the Tooth Fairy,book,Francesca Simon,,,,,,horrid henry loathsome library,
Horrid Henry's Nits,book,Francesca Simon,,,,,,horrid henry loathsome library,
Horrid Henry Gets Rich Quick,book,Francesca Simon,,,,,,horrid henry loathsome library,
Horrid Henry's Haunted House,book,Francesca Simon,,,,,,horrid henry loathsome library,
Horrid Henry and The Mummy's Curse,book,Francesca Simon,,,,,,horrid henry loathsome library,
Horrid Henry's Revenge,book,Francesca Simon,,,,,,horrid henry loathsome library,
Horrid Henry and the Bogey Babysitter,book,Francesca Simon,,,,,,horrid henry loathsome library,
Horrid Henry's Stinkbomb,book,Francesca Simon,,,,,,horrid henry loathsome library,
Horrid Henry's Underpants,book,Francesca Simon,,,,,,horrid henry loathsome library,
Horrid Henry Meets The Queen,book,Francesca Simon,,,,,,horrid henry loathsome library,
Horrid Henry and the Mega-Mean Time Machine,book,Francesca Simon,,,,,,horrid henry loathsome library,
Horrid Henry and the Football Fiend,book,Francesca Simon,,,,,,horrid henry loathsome library,
Horrid Henry's Christmas Cracker,book,Francesca Simon,,,,,,horrid henry loathsome library,
Horrid Henry and the Abominable Snowman,book,Francesca Simon,,,,,,horrid henry loathsome library,
Horrid Henry's Joke Book,book,Francesca Simon,,,,,,Horrid Henry's Biggest and Best Ever Joke Book is first 3 joke books,
Horrid Henry's Jolly Joke Book,book,Francesca Simon,,,,,,Horrid Henry's Biggest and Best Ever Joke Book is first 3 joke books,
Horrid Henry's Mighty Joke Book,book,Francesca Simon,,,,,,Horrid Henry's Biggest and Best Ever Joke Book is first 3 joke books,
Horrid Henry's Hilariously Horrid Joke Book,book,Francesca Simon,,,,,,Horrid Henry's Jumbo Joke Book is second 3 joke books,
Horrid Henry's Purple Hand Gang Joke Book,book,Francesca Simon,,,,,,Horrid Henry's Jumbo Joke Book is second 3 joke books,
Horrid Henry's All Time Favourite Joke Book,book,Francesca Simon,,,,,,Horrid Henry's Jumbo Joke Book is second 3 joke books,
fairy tale,book,Stephen King,,,,,,,
the merchant of venice,book,Shakespeare,,,,,,,
julius caesar,book,Shakespeare,,,,,,,
othello,book,Shakespeare,,,,,,,
as you like it,book,Shakespeare,,,,,,,
antony and the cleopatra,book,Shakespeare,,,,,,,
hamlet,book,Shakespeare,,,,,,,
henry v,book,Shakespeare,,,,,,,
twelfth night,book,Shakespeare,,,,,,,
a midsummer night dream,book,Shakespeare,,,,,,,
romeo and juliet,book,Shakespeare,,,,,,,
macbeth,book,Shakespeare,,,,,,,
much ado about nothing,book,Shakespeare,,,,,,,
the taming of shrew,book,Shakespeare,,,,,,,
king lear,book,Shakespeare,,,,,,,
richard iii,book,Shakespeare,,,,,,,
mr men complete collection,book,Roger Hargreaves,,,,,,https://en.wikipedia.org/wiki/List_of_Mr._Men,
little miss complete collection,book,,,,,,,https://en.wikipedia.org/wiki/List_of_Little_Miss_characters,
And To Think That I Saw It On Mulberry Street,book,Dr. Seuss,,,,,,43 Dr Seuss books,
The 500 Hats Of Bartholomew Cubbins,book,Dr. Seuss,,,,,,,
The King’s Stilts,book,Dr. Seuss,,,,,,,
Horton Hatches the Egg,book,Dr. Seuss,,,,,,,
McElligot’s Pool,book,Dr. Seuss,,,,,,,
Thidwick The Big-Hearted Moose,book,Dr. Seuss,,,,,,,
Bartholomew And The Oobleck,book,Dr. Seuss,,,,,,,
If I Ran the Zoo,book,Dr. Seuss,,,,,,,
Scrambled Eggs Super!,book,Dr. Seuss,,,,,,,
Horton Hears A Who!,book,Dr. Seuss,,,,,,,
On Beyond Zebra,book,Dr. Seuss,,,,,,,
If I Ran The Circus,book,Dr. Seuss,,,,,,,
The Cat in the Hat,book,Dr. Seuss,,,,,,,
How The Grinch Stole Christmas,book,Dr. Seuss,,,,,,,
Yertle The Turtle And Other Stories,book,Dr. Seuss,,,,,,,
The Cat In The Hat Comes Back!,book,Dr. Seuss,,,,,,,
Happy Birthday To You!,book,Dr. Seuss,,,,,,,
Green Eggs And Ham,book,Dr. Seuss,,,,,,,
One Fish Two Fish Red Fish Blue Fish,book,Dr. Seuss,,,,,,,
The Sneetches And Other Stories,book,Dr. Seuss,,,,,,,
Dr Seuss’s Sleep Book,book,Dr. Seuss,,,,,,,
Dr Seuss’s ABC,book,Dr. Seuss,,,,,,,
Hop on Pop,book,Dr. Seuss,,,,,,,
Fox In Socks,book,Dr. Seuss,,,,,,,
I Had Trouble In Getting To Solla Sollew,book,Dr. Seuss,,,,,,,
The Foot Book,book,Dr. Seuss,,,,,,,
I Can Lick 30 Tigers Today! And Other Stories,book,Dr. Seuss,,,,,,,
My Book About Me,book,Dr. Seuss,,,,,,,
Mr Brown Can Moo! Can You?,book,Dr. Seuss,,,,,,,
The Lorax,book,Dr. Seuss,,,,,,,
Marvin K. Mooney Will You Please Go Now!​,book,Dr. Seuss,,,,,,,
Did I Ever Tell You How Lucky You Are?,book,Dr. Seuss,,,,,,,
The Shape Of Me And Other Stuff​,book,Dr. Seuss,,,,,,,
Great Day For Up,book,Dr. Seuss,,,,,,,
There’s a Wocket in my Pocket!,book,Dr. Seuss,,,,,,,
"Oh, The Thinks You Can Think!",book,Dr. Seuss,,,,,,,
I Can Read With My Eyes Shut!,book,Dr. Seuss,,,,,,,
"Oh, Say Can You Say?",book,Dr. Seuss,,,,,,,
Hunches In Bunches,book,Dr. Seuss,,,,,,,
The Butter Battle Book,book,Dr. Seuss,,,,,,,
You’re Only Old Once!,book,Dr. Seuss,,,,,,,
I am Not Going to Get Up Today,book,Dr. Seuss,,,,,,,
"Oh, The Places You’ll Go!",book,Dr. Seuss,,,,,,,
The Adventures of Captain Underpants,book,Dav Pilkey,,,,,,,
Captain Underpants and the Attack of the Talking Toilets,book,Dav Pilkey,,,,,,,
Captain Underpants and the Invasion of the Incredibly Naughty Cafeteria Ladies from Outer Space (and the Subsequent Assault of the Equally Evil Lunchroom Zombie Nerds),book,Dav Pilkey,,,,,,,
Captain Underpants and the Perilous Plot of Professor Poopypants,book,Dav Pilkey,,,,,,,
Captain Underpants and the Wrath of the Wicked Wedgie Woman,book,Dav Pilkey,,,,,,,
"Captain Underpants and the Big, Bad Battle of the Bionic Booger Boy, Part 1: The Night of the Nasty Nostril Nuggets",book,Dav Pilkey,,,,,,,
"Captain Underpants and the Big, Bad Battle of the Bionic Booger Boy, Part 2: The Revenge of the Ridiculous Robo-Boogers",book,Dav Pilkey,,,,,,,
Captain Underpants and the Preposterous Plight of the Purple Potty People,book,Dav Pilkey,,,,,,,
Captain Underpants and the Terrifying Re-Turn of Tippy Tinkletrousers,book,Dav Pilkey,,,,,,,
Captain Underpants and the Revolting Revenge of the Radioactive Robo-Boxers,book,Dav Pilkey,,,,,,,
Captain Underpants and the Tyrannical Retaliation of the Turbo Toilet 2000,book,Dav Pilkey,,,,,,,
Captain Underpants and the Sensational Saga of Sir Stinks-A-Lot,book,Dav Pilkey,,,,,,,
the savage stone age,book,Horrible Histories,,,,,,,
the awesome egyptians,book,Horrible Histories,,,,,,,
the awful egyptians,book,Horrible Histories,,,,,,,
the groovy greeks,book,Horrible Histories,,,,,,,
the rotten romans,book,Horrible Histories,,,,,,,
the ruthless romans,book,Horrible Histories,,,,,,,
the cut throat celts,book,Horrible Histories,,,,,,,
the smashing saxons,book,Horrible Histories,,,,,,,
the vicious vikings,book,Horrible Histories,,,,,,,
the stormin normans,book,Horrible Histories,,,,,,,
the measlt middle ages,book,Horrible Histories,,,,,,,
the angry aztecs,book,Horrible Histories,,,,,,,
the incredible incas,book,Horrible Histories,,,,,,,
the terrible tudors,book,Horrible Histories,,,,,,,
even more terrible tudors,book,Horrible Histories,,,,,,,
the slimy stuarts,book,Horrible Histories,,,,,,,
the gorgeous georgians,book,Horrible Histories,,,,,,,
the vile victorians,book,Horrible Histories,,,,,,,
the villainous victorians,book,Horrible Histories,,,,,,,
the barmy british empire,book,Horrible Histories,,,,,,,
the frightful first world war,book,Horrible Histories,,,,,,,
the woeful second world war,book,Horrible Histories,,,,,,,
the blitzed brits,book,Horrible Histories,,,,,,,
the gruffalo,book,,,,,,,,
the beano comic,book,,,,,,,,
one piece manga,book,,,,,,,,
dragon ball manga,book,,,,,,,,
Diary of a Wimpy Kid,book,Jeff Kinney,,,,,,18 books,
Diary of a Wimpy Kid: Rodrick Rules,book,Jeff Kinney,,,,,,,
Diary of a Wimpy Kid: The Last Straw,book,Jeff Kinney,,,,,,,
Diary of a Wimpy Kid: Dog Days,book,Jeff Kinney,,,,,,,
Diary of a Wimpy Kid: The Ugly Truth,book,Jeff Kinney,,,,,,,
Diary of a Wimpy Kid: Cabin Fever,book,Jeff Kinney,,,,,,,
Diary of a Wimpy Kid: The Third Wheel,book,Jeff Kinney,,,,,,,
Diary of a Wimpy Kid: Hard Luck,book,Jeff Kinney,,,,,,,
Diary of a Wimpy Kid: The Long Haul,book,Jeff Kinney,,,,,,,
Diary of a Wimpy Kid: Old School,book,Jeff Kinney,,,,,,,
Soccer Squad: Starting Eleven,book,Bali Rai,,,,,,,
Soccer Squad: Missing!,book,Bali Rai,,,,,,,
Soccer Squad: Stars!,book,Bali Rai,,,,,,,
Soccer Squad: Glory!,book,Bali Rai,,,,,,,
